Time (Seconds),,X1,Y1,Z1,X2,Y2,Z2
112.5,109.82,0.884973,1.947007,5.885328,0.883277,1.950082,5.871098
112.51,109.83,0.881022,1.954511,5.883373,0.879657,1.956134,5.883783
112.52,109.84,0.882733,1.955082,5.911724,0.879444,1.958036,5.896981
112.53,109.85,0.876756,1.960164,5.911862,0.876966,1.960609,5.911572
112.54,109.86,0.880089,1.956276,5.941573,0.873814,1.960724,5.927374
112.55,109.87,0.875388,1.955658,5.956643,0.870549,1.959785,5.942738
112.56,109.88,0.870445,1.953073,5.971759,0.867747,1.959807,5.958122
112.57,109.89,0.868955,1.951567,5.985762,0.864741,1.958427,5.973219
112.58,109.9,0.868538,1.950255,5.999172,0.864669,1.956896,5.986636
112.59,109.91,0.86678,1.950541,6.012299,0.863769,1.955891,5.999435
112.6,109.92,0.867164,1.950442,6.026125,0.863525,1.955538,6.013483
112.61,109.93,0.866745,1.949319,6.040748,0.863673,1.955018,6.027785
112.62,109.94,0.867954,1.946227,6.054706,0.863637,1.952585,6.04262
112.63,109.95,0.867985,1.941416,6.069752,0.86472,1.948333,6.05766
112.64,109.96,0.867857,1.935984,6.085693,0.864292,1.942889,6.073778
112.65,109.97,0.867934,1.930733,6.101691,0.864036,1.937534,6.08989
112.66,109.98,0.869744,1.926002,6.116158,0.864869,1.932873,6.105099
112.67,109.99,0.873206,1.921226,6.12988,0.866604,1.927871,6.119294
112.68,110,0.877516,1.916446,6.144197,0.870661,1.922563,6.133636
112.69,110.01,0.880655,1.911304,6.159286,0.874583,1.917705,6.148448
112.7,110.02,0.885524,1.905107,6.174887,0.879053,1.91231,6.164279
112.71,110.03,0.889498,1.897093,6.190438,0.883729,1.90491,6.180188
112.72,110.04,0.894023,1.88792,6.206672,0.888449,1.896161,6.196442
112.73,110.05,0.898589,1.878811,6.223353,0.892849,1.886773,6.213534
112.74,110.06,0.904493,1.869187,6.239847,0.898353,1.87772,6.230288
112.75,110.07,0.909895,1.859998,6.255138,0.905148,1.86928,6.246054
112.76,110.08,0.918562,1.851963,6.269194,0.911646,1.860753,6.261039
112.77,110.09,0.928043,1.843361,6.283331,0.920484,1.852063,6.275259
112.78,110.1,0.937374,1.834778,6.297938,0.930703,1.843416,6.289524
112.79,110.11,0.947716,1.824738,6.313101,0.940352,1.833641,6.305072
112.8,110.12,0.958345,1.813183,6.328652,0.95051,1.822241,6.320894
112.81,110.13,0.968424,1.801329,6.344614,0.96034,1.810274,6.337041
112.82,110.14,0.978738,1.789481,6.360197,0.971299,1.798229,6.352731
112.83,110.15,0.992678,1.778718,6.373863,0.982096,1.786776,6.367937
112.84,110.16,1.006513,1.768706,6.387078,0.994402,1.775636,6.382223
112.85,110.17,1.021904,1.758114,6.400456,1.008056,1.764279,6.396147
112.86,110.18,1.036331,1.745555,6.415182,1.025267,1.753219,6.409652
112.87,110.19,1.051389,1.732251,6.430003,1.04266,1.740807,6.423954
112.88,110.2,1.067799,1.71862,6.444683,1.057209,1.726835,6.438871
112.89,110.21,1.083456,1.704396,6.45897,1.072122,1.712265,6.453893
112.9,110.22,1.100196,1.690897,6.472095,1.089473,1.698965,6.467744
112.91,110.23,1.117928,1.678334,6.483832,1.105939,1.685623,6.481261
112.92,110.24,1.137269,1.665411,6.495832,1.125772,1.672547,6.493144
112.93,110.25,1.157314,1.652185,6.508032,1.145031,1.659634,6.504544
112.94,110.26,1.178134,1.639066,6.51955,1.165233,1.646258,6.516233
112.95,110.27,1.198672,1.625331,6.530274,1.187634,1.633481,6.527369
112.96,110.28,1.219155,1.610944,6.540883,1.207383,1.61898,6.538784
112.97,110.29,1.24059,1.5964,6.551873,1.229979,1.604636,6.549905
112.98,110.3,1.262694,1.58149,6.562767,1.252299,1.589739,6.560328
112.99,110.31,1.285292,1.566921,6.573202,1.275536,1.57533,6.5705
113,110.32,1.310217,1.553755,6.582683,1.298217,1.561241,6.580076
113.01,110.33,1.334435,1.54121,6.590887,1.321183,1.547895,6.588907
113.02,110.34,1.356707,1.527906,6.598809,1.346269,1.535406,6.596655
113.03,110.35,1.384948,1.514562,6.605775,1.372742,1.521546,6.604138
113.04,110.36,1.410898,1.498267,6.612703,1.398912,1.506248,6.610956
113.05,110.37,1.437447,1.482205,6.619114,1.425156,1.48996,6.617172
113.06,110.38,1.464298,1.466491,6.625871,1.452304,1.474173,6.623611
113.07,110.39,1.491855,1.452193,6.632685,1.479103,1.459718,6.630944
113.08,110.4,1.519327,1.439758,6.638774,1.50607,1.446139,6.637498
113.09,110.41,1.547483,1.428206,6.64336,1.533943,1.43392,6.642922
113.1,110.42,1.576736,1.416134,6.647792,1.563584,1.422449,6.64696
113.11,110.43,1.607125,1.40314,6.65214,1.594633,1.410302,6.651125
113.12,110.44,1.637412,1.389449,6.656661,1.624988,1.396698,6.655699
113.13,110.45,1.667574,1.375391,6.661075,1.655498,1.382446,6.660135
113.14,110.46,1.698437,1.361715,6.665451,1.686249,1.368811,6.664603
113.15,110.47,1.729935,1.349803,6.669214,1.717125,1.356516,6.668724
113.16,110.48,1.76117,1.340122,6.671765,1.74787,1.346148,6.671747
113.17,110.49,1.792702,1.332166,6.672533,1.779114,1.337132,6.673519
113.18,110.5,1.825834,1.322972,6.673222,1.812432,1.328326,6.67395
113.19,110.51,1.860091,1.31183,6.674078,1.846848,1.317944,6.674525
113.2,110.52,1.894383,1.300165,6.675368,1.881735,1.30672,6.675325
113.21,110.53,1.928298,1.288681,6.676641,1.915504,1.294971,6.676987
113.22,110.54,1.962801,1.278087,6.677269,1.949663,1.284076,6.677823
113.23,110.55,1.996573,1.269216,6.677168,1.983327,1.2749,6.678185
113.24,110.56,2.029983,1.262219,6.675737,2.0163,1.266715,6.677779
113.25,110.57,2.064517,1.255916,6.672733,2.050582,1.260505,6.67578
113.26,110.58,2.10037,1.249109,6.670098,2.0869,1.254373,6.672329
113.27,110.59,2.136415,1.240692,6.667418,2.123344,1.246891,6.66924
113.28,110.6,2.17262,1.231671,6.664577,2.159816,1.238147,6.666444
113.29,110.61,2.20905,1.222812,6.662179,2.196,1.228836,6.664211
113.3,110.62,2.244828,1.213992,6.659518,2.231866,1.220146,6.661919
113.31,110.63,2.280633,1.207761,6.656013,2.267358,1.212882,6.659316
113.32,110.64,2.315551,1.203065,6.651193,2.301966,1.206579,6.655702
113.33,110.65,2.351442,1.197958,6.644929,2.337867,1.201891,6.649868
113.34,110.66,2.388125,1.193707,6.638249,2.374587,1.198393,6.642313
113.35,110.67,2.424329,1.188365,6.631739,2.412017,1.194172,6.63513
113.36,110.68,2.461854,1.182957,6.625087,2.449626,1.188825,6.62831
113.37,110.69,2.499524,1.177359,6.618986,2.486406,1.182704,6.622016
113.38,110.7,2.536006,1.171467,6.612712,2.52354,1.176876,6.615975
113.39,110.71,2.572937,1.16709,6.605252,2.560085,1.172088,6.60844
113.4,110.72,2.608144,1.163926,6.595771,2.595539,1.168459,6.599951
113.41,110.73,2.643285,1.16319,6.584291,2.63008,1.166351,6.589713
113.42,110.74,2.677397,1.162933,6.571537,2.664584,1.165245,6.578227
113.43,110.75,2.712947,1.160328,6.558625,2.701002,1.163981,6.56506
113.44,110.76,2.749752,1.156811,6.545983,2.737863,1.161587,6.551857
113.45,110.77,2.786135,1.152995,6.533349,2.774627,1.157686,6.538728
113.46,110.78,2.823227,1.150081,6.520309,2.810289,1.153753,6.52631
113.47,110.79,2.858595,1.1472,6.507407,2.845918,1.151129,6.512894
113.48,110.8,2.89278,1.146403,6.493307,2.880195,1.14998,6.499002
113.49,110.81,2.925594,1.146498,6.477533,2.913539,1.150116,6.484072
113.5,110.82,2.957831,1.147424,6.460449,2.946364,1.151426,6.466906
113.51,110.83,2.990735,1.149071,6.441657,2.979032,1.15276,6.448698
113.52,110.84,3.023913,1.14881,6.422951,3.012631,1.152751,6.430614
113.53,110.85,3.057079,1.147598,6.40456,3.045961,1.151413,6.412817
113.54,110.86,3.090121,1.147335,6.38647,3.079083,1.149374,6.395627
113.55,110.87,3.123098,1.145946,6.367853,3.111789,1.14813,6.376693
113.56,110.88,3.15555,1.146303,6.348882,3.143804,1.148359,6.357533
113.57,110.89,3.186894,1.147993,6.328295,3.174882,1.14983,6.337419
113.58,110.9,3.216108,1.150403,6.306671,3.204115,1.152118,6.316104
113.59,110.91,3.245031,1.153154,6.283207,3.233424,1.155247,6.292819
113.6,110.92,3.274158,1.15521,6.259215,3.263117,1.157446,6.269424
113.61,110.93,3.301933,1.15624,6.236387,3.292665,1.15811,6.246888
113.62,110.94,3.331301,1.156312,6.212443,3.32287,1.158595,6.223281
113.63,110.95,3.361084,1.156095,6.188877,3.351917,1.158521,6.199467
113.64,110.96,3.389882,1.157426,6.165358,3.380838,1.159098,6.176336
113.65,110.97,3.416959,1.160198,6.141469,3.408011,1.16144,6.152674
113.66,110.98,3.44335,1.16388,6.116603,3.433844,1.16513,6.128033
113.67,110.99,3.467561,1.167456,6.091483,3.458918,1.169958,6.102365
113.68,111,3.492135,1.171684,6.06554,3.483946,1.174684,6.075938
113.69,111.01,3.517865,1.176022,6.037919,3.509811,1.178048,6.048856
113.7,111.02,3.543436,1.178854,6.010927,3.535319,1.179788,6.022323
113.71,111.03,3.568567,1.180401,5.984336,3.560467,1.181259,5.996055
113.72,111.04,3.59463,1.181615,5.95767,3.585873,1.182815,5.968999
113.73,111.05,3.619173,1.182377,5.931374,3.612067,1.184597,5.942021
113.74,111.06,3.642655,1.185955,5.90409,3.634624,1.18797,5.915076
113.75,111.07,3.664551,1.190028,5.876896,3.655201,1.191459,5.887901
113.76,111.08,3.684852,1.194648,5.848485,3.676783,1.197386,5.859835
113.77,111.09,3.704352,1.201638,5.816105,3.696555,1.203857,5.830889
113.78,111.1,3.724187,1.207727,5.78973,3.717114,1.209213,5.801841
113.79,111.11,3.74507,1.21063,5.759572,3.738179,1.213146,5.771702
113.8,111.12,3.767233,1.213032,5.729733,3.759094,1.216051,5.742235
113.81,111.13,3.789183,1.215163,5.700211,3.780998,1.217676,5.712916
113.82,111.14,3.809639,1.218086,5.670798,3.802047,1.220113,5.683463
113.83,111.15,3.830748,1.221155,5.643604,3.822685,1.222586,5.654256
113.84,111.16,3.848872,1.224483,5.60933,3.840827,1.226332,5.625019
113.85,111.17,3.865371,1.2283,5.582692,3.857943,1.230728,5.595208
113.86,111.18,3.880803,1.234884,5.551633,3.874201,1.236944,5.565395
113.87,111.19,3.895813,1.241639,5.520179,3.88992,1.243118,5.534152
113.88,111.2,3.911023,1.246666,5.488407,3.905936,1.248561,5.502113
113.89,111.21,3.927459,1.249336,5.455384,3.921595,1.252158,5.468833
113.9,111.22,3.944521,1.251118,5.423278,3.938401,1.254391,5.436508
113.91,111.23,3.962069,1.252908,5.391643,3.955482,1.256172,5.404408
113.92,111.24,3.978747,1.255094,5.358919,3.972435,1.258954,5.372684
113.93,111.25,3.993092,1.258181,5.328014,3.987552,1.261544,5.341895
113.94,111.26,4.006618,1.263208,5.296514,4.001634,1.265144,5.311003
113.95,111.27,4.018259,1.26947,5.266544,4.014997,1.270263,5.280313
113.96,111.28,4.02965,1.276091,5.233212,4.026797,1.276704,5.248388
113.97,111.29,4.041009,1.283536,5.200398,4.037411,1.284326,5.214181
113.98,111.3,4.051851,1.288701,5.162908,4.049166,1.289326,5.180193
113.99,111.31,4.064403,1.292174,5.128769,4.060868,1.29268,5.14571
114,111.32,4.078737,1.292547,5.096251,4.07449,1.294791,5.110705
114.01,111.33,4.09237,1.292775,5.062108,4.087483,1.296796,5.076787
114.02,111.34,4.104189,1.295429,5.026832,4.099277,1.298107,5.043688
114.03,111.35,4.114836,1.297896,4.999454,4.110729,1.301197,5.011014
114.04,111.36,4.124455,1.304711,4.962621,4.121249,1.305591,4.979097
114.05,111.37,4.133665,1.309519,4.932403,4.131026,1.310952,4.946233
114.06,111.38,4.141418,1.315837,4.901318,4.137914,1.317918,4.91221
114.07,111.39,4.149776,1.321497,4.870798,4.145475,1.325432,4.877231
114.08,111.4,4.158136,1.325217,4.841357,4.15324,1.331602,4.841382
114.09,111.41,4.163722,1.332499,4.790272,4.161078,1.335541,4.806014
114.1,111.42,4.172362,1.336652,4.754952,4.169822,1.338115,4.771141
114.11,111.43,4.181292,1.339634,4.720149,4.179319,1.341057,4.737052
114.12,111.44,4.18876,1.34334,4.68565,4.187145,1.343016,4.703665
114.13,111.45,4.196959,1.345291,4.657699,4.19409,1.347271,4.669416
114.14,111.46,4.201381,1.352089,4.618185,4.199761,1.352168,4.63525
114.15,111.47,4.205996,1.357585,4.58794,4.204448,1.358163,4.602296
114.16,111.48,4.207739,1.366518,4.548089,4.204116,1.366305,4.56803
114.17,111.49,4.212086,1.372627,4.519009,4.211673,1.372845,4.533769
114.18,111.5,4.216303,1.377126,4.488015,4.214996,1.378554,4.498724
114.19,111.51,4.218059,1.383036,4.463356,4.218686,1.383522,4.46382
114.2,111.52,4.223289,1.385719,4.427483,4.222949,1.38726,4.429144
114.21,111.53,4.230798,1.38831,4.389654,4.22755,1.390149,4.394622
114.22,111.54,4.236378,1.389717,4.353528,4.232251,1.392565,4.360181
114.23,111.55,4.239336,1.392651,4.32057,4.236814,1.394889,4.325742
114.24,111.56,4.243638,1.396161,4.289897,4.241005,1.3975,4.291233
114.25,111.57,4.240854,1.400156,4.241602,4.244585,1.400776,4.256577
114.26,111.58,4.244468,1.407234,4.223366,4.247781,1.404511,4.221824
114.27,111.59,4.244374,1.414519,4.188732,4.249082,1.409159,4.186777
114.28,111.6,4.243804,1.42073,4.15354,4.248743,1.41441,4.15148
114.29,111.61,4.243782,1.425865,4.119003,4.24702,1.419952,4.115977
114.3,111.62,4.242187,1.429185,4.082131,4.244166,1.425474,4.080312
114.31,111.63,4.236947,1.431064,4.032183,4.240436,1.430664,4.044529
114.32,111.64,4.236316,1.432419,3.994838,4.236083,1.435213,4.00867
114.33,111.65,4.237342,1.43332,3.963641,4.231503,1.439336,3.972789
114.34,111.66,4.236564,1.436332,3.928144,4.224096,1.442269,3.936928
114.35,111.67,4.236873,1.439545,3.894676,4.219713,1.444614,3.902519
114.36,111.68,4.235862,1.443467,3.861795,4.224208,1.446972,3.870991
114.37,111.69,4.232591,1.448673,3.827044,4.235091,1.449539,3.84138
114.38,111.7,4.229353,1.455393,3.792563,4.233668,1.45585,3.806483
114.39,111.71,4.225138,1.460655,3.757569,4.22393,1.463007,3.771048
114.4,111.72,4.221553,1.464698,3.721993,4.225479,1.465914,3.736285
114.41,111.73,4.219268,1.466977,3.6857,4.221799,1.467965,3.699839
114.42,111.74,4.216944,1.468579,3.650414,4.215929,1.470257,3.664328
114.43,111.75,4.210999,1.471387,3.615154,4.212148,1.47173,3.627696
114.44,111.76,4.207534,1.472534,3.581476,4.213269,1.472645,3.595408
114.45,111.77,4.203662,1.475561,3.547019,4.210703,1.475126,3.561076
114.46,111.78,4.199205,1.479188,3.513435,4.203032,1.479661,3.527602
114.47,111.79,4.195365,1.483956,3.480596,4.198105,1.484233,3.494433
114.48,111.8,4.192115,1.489386,3.448316,4.191842,1.490248,3.461205
114.49,111.81,4.182241,1.495277,3.413469,4.184457,1.495974,3.426699
114.5,111.82,4.173843,1.500822,3.380282,4.178406,1.501734,3.393382
114.51,111.83,4.170207,1.50322,3.345874,4.171683,1.504281,3.358947
114.52,111.84,4.169696,1.503698,3.312366,4.166848,1.505778,3.324151
114.53,111.85,4.163775,1.504446,3.276894,4.15534,1.508156,3.288802
114.54,111.86,4.157483,1.506133,3.241421,4.149569,1.509431,3.255532
114.55,111.87,4.150631,1.50793,3.209864,4.14396,1.5105,3.221637
114.56,111.88,4.144836,1.511053,3.1763,4.137595,1.513244,3.189028
114.57,111.89,4.137794,1.514861,3.144836,4.131211,1.51749,3.157092
114.58,111.9,4.132066,1.519695,3.111733,4.122873,1.522966,3.124826
114.59,111.91,4.126411,1.525226,3.079409,4.113844,1.529529,3.091972
114.6,111.92,4.119584,1.530058,3.046903,4.105608,1.535754,3.058361
114.61,111.93,4.111564,1.533382,3.013509,4.094337,1.539706,3.025359
114.62,111.94,4.101924,1.535982,2.978935,4.085246,1.542649,2.99329
114.63,111.95,4.090966,1.538542,2.944353,4.076699,1.54527,2.96027
114.64,111.96,4.060318,1.544673,2.909574,4.068804,1.546505,2.9245
114.65,111.97,4.051303,1.547676,2.876996,4.059847,1.548428,2.892097
114.66,111.98,4.043226,1.551239,2.844682,4.051575,1.551627,2.860293
114.67,111.99,4.036781,1.555369,2.813828,4.043501,1.555434,2.828511
114.68,112,4.032564,1.559544,2.7836,4.034816,1.560985,2.797286
114.69,112.01,4.029872,1.564387,2.754723,4.025411,1.567316,2.765677
114.7,112.02,4.009025,1.571827,2.719219,4.016241,1.573927,2.733808
114.71,112.03,3.998861,1.576706,2.686645,4.007164,1.578565,2.700837
114.72,112.04,3.989958,1.579907,2.653895,3.997999,1.581885,2.668597
114.73,112.05,3.986851,1.582415,2.621124,3.989059,1.585045,2.635766
114.74,112.06,3.984115,1.583943,2.590833,3.980462,1.58741,2.602394
114.75,112.07,3.979864,1.586951,2.555104,3.971571,1.590272,2.570891
114.76,112.08,3.973357,1.5906,2.524105,3.96346,1.593921,2.54007
114.77,112.09,3.948909,1.598821,2.495459,3.954263,1.599874,2.509128
114.78,112.1,3.936086,1.60628,2.465904,3.945467,1.607357,2.480183
114.79,112.11,3.929682,1.612471,2.437786,3.936515,1.614014,2.451567
114.8,112.12,3.924221,1.619265,2.408641,3.926304,1.620306,2.423105
114.81,112.13,3.920537,1.625225,2.380408,3.917084,1.627494,2.391856
114.82,112.14,3.91766,1.634641,2.352389,3.909053,1.635834,2.363678
114.83,112.15,3.897125,1.646011,2.323197,3.9017,1.644642,2.336611
114.84,112.16,3.887805,1.655026,2.296772,3.894205,1.653916,2.310467
114.85,112.17,3.883621,1.662683,2.272676,3.886964,1.663034,2.285533
114.86,112.18,3.877055,1.670795,2.248556,3.878816,1.671121,2.261912
114.87,112.19,3.867612,1.679699,2.22188,3.870788,1.679631,2.235365
114.88,112.2,3.856847,1.68946,2.194765,3.862017,1.689289,2.209655
114.89,112.21,3.85254,1.698995,2.171889,3.856421,1.698175,2.186604
114.9,112.22,3.848103,1.708544,2.149536,3.851541,1.708057,2.163615
114.91,112.23,3.841336,1.718731,2.126637,3.846854,1.718733,2.14137
114.92,112.24,3.839988,1.727125,2.105946,3.843933,1.728637,2.120691
114.93,112.25,3.834249,1.735639,2.084361,3.840051,1.737763,2.098918
114.94,112.26,3.830804,1.743599,2.062791,3.83563,1.746051,2.076506
114.95,112.27,3.826434,1.751355,2.040108,3.83003,1.754233,2.053585
114.96,112.28,3.822493,1.758564,2.017971,3.823063,1.762661,2.030919
114.97,112.29,3.82137,1.769448,2.009588,3.818797,1.77037,2.009144
114.98,112.3,3.823478,1.77565,1.988596,3.818261,1.776705,1.988584
114.99,112.31,3.81988,1.781359,1.967646,3.818953,1.78176,1.968383
115,112.32,3.814271,1.782013,1.934328,3.818368,1.78563,1.947689
115.01,112.33,3.812742,1.784542,1.913341,3.816311,1.788939,1.926463
115.02,112.34,3.812195,1.786188,1.892335,3.812441,1.791396,1.904856
115.03,112.35,3.811606,1.78649,1.870717,3.814259,1.792229,1.883309
115.04,112.36,3.810833,1.786123,1.849572,3.814195,1.793043,1.86216
115.05,112.37,3.808747,1.784933,1.828766,3.811854,1.791622,1.841804
115.06,112.38,3.808079,1.788733,1.820848,3.809762,1.78916,1.821266
115.07,112.39,3.805586,1.785198,1.799963,3.808028,1.785174,1.800513
115.08,112.4,3.803987,1.78118,1.779463,3.806447,1.780503,1.779773
115.09,112.41,3.803817,1.776905,1.760063,3.804809,1.775984,1.759271
115.1,112.42,3.799802,1.766804,1.726435,3.802907,1.772455,1.739235
115.11,112.43,3.797421,1.764881,1.706471,3.800805,1.7697,1.719507
115.12,112.44,3.793103,1.764233,1.686184,3.79755,1.768197,1.699707
115.13,112.45,3.788468,1.76159,1.666808,3.792436,1.766171,1.679116
115.14,112.46,3.785116,1.757804,1.644449,3.786782,1.761406,1.657067
115.15,112.47,3.781702,1.749421,1.62241,3.78388,1.755652,1.634696
115.16,112.48,3.77905,1.742818,1.599319,3.783003,1.748774,1.611738
115.17,112.49,3.775803,1.736701,1.576986,3.780802,1.742425,1.589891
115.18,112.5,3.771226,1.731458,1.554883,3.776341,1.736692,1.567913
115.19,112.51,3.765458,1.726906,1.534165,3.769746,1.732136,1.546509
115.2,112.52,3.758735,1.723464,1.513913,3.763643,1.728002,1.526152
115.21,112.53,3.750123,1.718698,1.493701,3.755622,1.72385,1.505927
115.22,112.54,3.741858,1.712277,1.472951,3.746275,1.719047,1.484077
115.23,112.55,3.733957,1.705222,1.450969,3.736917,1.711968,1.462283
115.24,112.56,3.726254,1.698533,1.428118,3.731583,1.704521,1.439993
115.25,112.57,3.71807,1.692369,1.405345,3.723011,1.697947,1.417405
115.26,112.58,3.708913,1.686568,1.383915,3.714928,1.692069,1.395527
115.27,112.59,3.698474,1.681903,1.363167,3.705181,1.686618,1.37501
115.28,112.6,3.687423,1.677201,1.344257,3.694569,1.681999,1.355297
115.29,112.61,3.674835,1.672099,1.32562,3.683609,1.676907,1.335845
115.3,112.62,3.661951,1.666323,1.305779,3.673239,1.670818,1.315654
115.31,112.63,3.647826,1.660159,1.284837,3.65963,1.664409,1.295374
115.32,112.64,3.635561,1.653805,1.263058,3.643693,1.657715,1.273407
115.33,112.65,3.620898,1.646587,1.241776,3.629562,1.651011,1.252177
115.34,112.66,3.605825,1.63973,1.221501,3.614675,1.644358,1.232026
115.35,112.67,3.590524,1.633558,1.202123,3.59913,1.638304,1.212589
115.36,112.68,3.57402,1.627616,1.18388,3.583157,1.633126,1.193695
115.37,112.69,3.556873,1.621199,1.165962,3.566296,1.627633,1.175327
115.38,112.7,3.536222,1.614175,1.148256,3.548514,1.620833,1.156686
115.39,112.71,3.52049,1.606244,1.130384,3.530747,1.613001,1.138183
115.4,112.72,3.499741,1.599973,1.113047,3.51304,1.605297,1.119321
115.41,112.73,3.482367,1.593,1.094823,3.493456,1.598271,1.101698
115.42,112.74,3.463769,1.587065,1.076715,3.473961,1.592337,1.084153
115.43,112.75,3.441482,1.58174,1.059088,3.454308,1.58681,1.066792
115.44,112.76,3.422145,1.575665,1.042673,3.43287,1.581773,1.050025
115.45,112.77,3.399229,1.569656,1.027359,3.411386,1.576169,1.033802
115.46,112.78,3.379007,1.562466,1.011826,3.390324,1.570095,1.019142
115.47,112.79,3.355445,1.556714,0.996969,3.367814,1.562982,1.002337
115.48,112.8,3.333773,1.55073,0.981701,3.346348,1.555962,0.98583
115.49,112.81,3.311753,1.545214,0.968209,3.324239,1.549706,0.970895
115.5,112.82,3.287867,1.539738,0.952881,3.300465,1.54425,0.956893
115.51,112.83,3.263709,1.53474,0.939205,3.276569,1.539285,0.943301
115.52,112.84,3.238284,1.529334,0.926529,3.251712,1.534258,0.930522
115.53,112.85,3.2135,1.523238,0.914583,3.226593,1.528517,0.917605
115.54,112.86,3.187609,1.515896,0.901005,3.200343,1.522225,0.905239
115.55,112.87,3.161743,1.509609,0.888438,3.174965,1.515847,0.892178
115.56,112.88,3.136505,1.50401,0.8764,3.148016,1.509468,0.880539
115.57,112.89,3.109745,1.498587,0.866069,3.122533,1.504059,0.869684
115.58,112.9,3.083347,1.494148,0.857223,3.096603,1.499127,0.859782
115.59,112.91,3.056922,1.489794,0.84928,3.070877,1.494487,0.851352
115.6,112.92,3.029393,1.484656,0.841931,3.04293,1.48974,0.843567
115.61,112.93,3.001535,1.478716,0.83429,3.015023,1.484069,0.835954
115.62,112.94,2.972651,1.472139,0.827735,2.985647,1.477674,0.829253
115.63,112.95,2.943821,1.465786,0.819407,2.957579,1.470743,0.821064
115.64,112.96,2.915513,1.460402,0.813044,2.929458,1.464652,0.814288
115.65,112.97,2.887678,1.456221,0.807791,2.901335,1.459617,0.808077
115.66,112.98,2.859459,1.453001,0.803158,2.873725,1.455235,0.802735
115.67,112.99,2.831413,1.449277,0.800935,2.845281,1.452098,0.800214
115.68,113,2.800576,1.44434,0.798211,2.814306,1.448064,0.797668
115.69,113.01,2.769291,1.43818,0.79529,2.782944,1.443168,0.795511
115.7,113.02,2.73872,1.431588,0.793108,2.752189,1.436731,0.793227
115.71,113.03,2.708045,1.425397,0.790862,2.72153,1.430208,0.790766
115.72,113.04,2.677237,1.419878,0.789069,2.690914,1.424446,0.788689
115.73,113.05,2.646813,1.415714,0.788097,2.660452,1.419885,0.787824
115.74,113.06,2.616663,1.411951,0.78846,2.630481,1.416294,0.787657
115.75,113.07,2.586842,1.408706,0.790666,2.600406,1.412953,0.78905
115.76,113.08,2.55599,1.405745,0.793567,2.569746,1.409714,0.791363
115.77,113.09,2.524805,1.401491,0.796532,2.5382,1.405606,0.793861
115.78,113.1,2.491963,1.395963,0.798757,2.505663,1.400372,0.796917
115.79,113.11,2.459884,1.389761,0.801306,2.473432,1.394099,0.799658
115.8,113.12,2.427572,1.384065,0.804386,2.441312,1.387953,0.802551
115.81,113.13,2.395978,1.379108,0.808005,2.409602,1.383178,0.805495
115.82,113.14,2.36488,1.375829,0.812644,2.378451,1.379625,0.80996
115.83,113.15,2.334275,1.373251,0.818963,2.347733,1.377128,0.815437
115.84,113.16,2.303365,1.371165,0.826421,2.31664,1.375149,0.822381
115.85,113.17,2.271594,1.36799,0.834317,2.284771,1.371811,0.830008
115.86,113.18,2.240156,1.364339,0.842585,2.252858,1.367326,0.837834
115.87,113.19,2.207243,1.359361,0.85085,2.220098,1.362505,0.845654
115.88,113.2,2.174413,1.354325,0.858779,2.18727,1.357945,0.85372
115.89,113.21,2.142399,1.350206,0.867349,2.155394,1.353656,0.862027
115.9,113.22,2.110657,1.347153,0.875936,2.123646,1.350295,0.870948
115.91,113.23,2.079785,1.344092,0.885012,2.092518,1.347938,0.880339
115.92,113.24,2.048747,1.342931,0.897455,2.06179,1.34651,0.891386
115.93,113.25,2.017537,1.340964,0.909883,2.030167,1.345518,0.90363
115.94,113.26,1.986534,1.338233,0.922331,1.998711,1.342841,0.915768
115.95,113.27,1.954933,1.335287,0.934115,1.967218,1.33898,0.927449
115.96,113.28,1.921867,1.330904,0.946082,1.93429,1.335156,0.939068
115.97,113.29,1.890174,1.32673,0.957929,1.902166,1.331102,0.951202
115.98,113.3,1.858422,1.324142,0.970653,1.87077,1.327968,0.963604
115.99,113.31,1.828209,1.322476,0.983676,1.839988,1.326186,0.976082
116,113.32,1.798587,1.322049,0.997603,1.810274,1.32604,0.990544
116.01,113.33,1.768373,1.321293,1.012562,1.780121,1.326208,1.006052
116.02,113.34,1.738034,1.319686,1.0287,1.749714,1.325597,1.022001
116.03,113.35,1.707591,1.318531,1.045424,1.719155,1.32404,1.038812
116.04,113.36,1.677312,1.31789,1.061944,1.689165,1.323153,1.055038
116.05,113.37,1.647872,1.318192,1.077294,1.659861,1.322591,1.070522
116.06,113.38,1.618774,1.319955,1.092109,1.631391,1.322626,1.085271
116.07,113.39,1.590863,1.32065,1.105472,1.60238,1.324316,1.101081
116.08,113.4,1.562963,1.323413,1.126092,1.57474,1.326774,1.118604
116.09,113.41,1.535252,1.326475,1.144406,1.547176,1.329954,1.136816
116.1,113.42,1.507446,1.328501,1.162631,1.519059,1.332329,1.155008
116.11,113.43,1.478401,1.329418,1.180296,1.489886,1.333506,1.172958
116.12,113.44,1.44858,1.328658,1.195399,1.460236,1.33367,1.190888
116.13,113.45,1.418885,1.330242,1.219144,1.430591,1.333255,1.208198
116.14,113.46,1.38997,1.328871,1.233024,1.401992,1.332957,1.225965
116.15,113.47,1.362941,1.329249,1.251877,1.374527,1.332992,1.244445
116.16,113.48,1.337547,1.332699,1.27652,1.34843,1.334137,1.262744
116.17,113.49,1.313063,1.334366,1.291249,1.323367,1.336476,1.281467
116.18,113.5,1.287842,1.337636,1.312097,1.29829,1.340246,1.302489
116.19,113.51,1.26277,1.340163,1.333131,1.273248,1.34276,1.3239
116.2,113.52,1.236549,1.341297,1.352904,1.247328,1.344343,1.345616
116.21,113.53,1.210056,1.341486,1.372345,1.220628,1.345144,1.367447
116.22,113.54,1.18369,1.342354,1.401715,1.194187,1.344916,1.389042
116.23,113.55,1.157758,1.341473,1.420519,1.168617,1.344673,1.410307
116.24,113.56,1.133006,1.341091,1.440322,1.143813,1.344815,1.431883
116.25,113.57,1.109808,1.34262,1.461044,1.120517,1.345654,1.453434
116.26,113.58,1.088864,1.344642,1.483878,1.098431,1.34713,1.474894
116.27,113.59,1.069431,1.348237,1.508042,1.077695,1.349525,1.496855
116.28,113.6,1.049578,1.35124,1.532754,1.056838,1.35255,1.520933
116.29,113.61,1.026939,1.352777,1.557752,1.034945,1.35553,1.547778
116.3,113.62,1.004178,1.352341,1.583668,1.012957,1.356208,1.574004
116.31,113.63,0.981694,1.352954,1.613926,0.990166,1.355275,1.59907
116.32,113.64,0.958598,1.351728,1.63675,0.967586,1.35486,1.624394
116.33,113.65,0.936674,1.350652,1.659072,0.946289,1.354874,1.649752
116.34,113.66,0.918119,1.352974,1.689495,0.926611,1.355644,1.675238
116.35,113.67,0.899305,1.353796,1.710773,0.908522,1.356812,1.700742
116.36,113.68,0.88342,1.35685,1.741667,0.891549,1.359701,1.727987
116.37,113.69,0.866739,1.358734,1.766463,0.874985,1.362405,1.755629
116.38,113.7,0.850176,1.360481,1.794277,0.857901,1.3642,1.783158
116.39,113.71,0.833855,1.361911,1.822795,0.840678,1.364906,1.810445
116.4,113.72,0.817551,1.362557,1.851634,0.823091,1.365,1.838448
116.41,113.73,0.799712,1.362121,1.880232,0.806547,1.364863,1.86755
116.42,113.74,0.784329,1.362959,1.911723,0.79044,1.364992,1.896142
116.43,113.75,0.768359,1.363103,1.936362,0.775131,1.365936,1.924303
116.44,113.76,0.755806,1.365921,1.968363,0.761892,1.368033,1.952815
116.45,113.77,0.743598,1.368274,1.995123,0.749673,1.370988,1.981954
116.46,113.78,0.731867,1.370962,2.025455,0.737492,1.374179,2.012305
116.47,113.79,0.720796,1.372438,2.056644,0.725584,1.376086,2.043559
116.48,113.8,0.709201,1.373264,2.087553,0.7135,1.376288,2.073993
116.49,113.81,0.696557,1.37288,2.117378,0.701173,1.375417,2.104334
116.5,113.82,0.685028,1.372531,2.15206,0.688753,1.374375,2.136151
116.51,113.83,0.671995,1.370735,2.180641,0.677251,1.373415,2.167471
116.52,113.84,0.660992,1.370635,2.211729,0.665878,1.373178,2.198297
116.53,113.85,0.650285,1.371869,2.242208,0.655494,1.37401,2.229203
116.54,113.86,0.642088,1.373942,2.273345,0.646518,1.375975,2.259696
116.55,113.87,0.634886,1.376709,2.305127,0.639011,1.378468,2.291065
116.56,113.88,0.628687,1.378885,2.337797,0.631743,1.380787,2.323833
116.57,113.89,0.623617,1.380146,2.37185,0.624436,1.381323,2.356983
116.58,113.9,0.615548,1.377261,2.405355,0.617767,1.380301,2.391544
116.59,113.91,0.607478,1.373776,2.438887,0.610582,1.37765,2.425886
116.6,113.92,0.598659,1.371576,2.4733,0.602418,1.375508,2.45983
116.61,113.93,0.590824,1.369727,2.50669,0.594218,1.373219,2.493354
116.62,113.94,0.583818,1.368949,2.539671,0.58674,1.371781,2.525698
116.63,113.95,0.577569,1.369474,2.571746,0.57976,1.371761,2.557565
116.64,113.96,0.571935,1.369539,2.602202,0.573898,1.373,2.589828
116.65,113.97,0.564894,1.368894,2.631305,0.570525,1.375735,2.624359
116.66,113.98,0.565598,1.374783,2.673349,0.567206,1.37821,2.658965
116.67,113.99,0.563482,1.376286,2.711756,0.563618,1.378592,2.694644
116.68,114,0.558104,1.374166,2.743045,0.559924,1.37783,2.729559
116.69,114.01,0.553448,1.372925,2.77837,0.554889,1.376173,2.765342
116.7,114.02,0.548799,1.371503,2.813173,0.54995,1.374866,2.799124
116.71,114.03,0.544909,1.370719,2.846215,0.546094,1.374237,2.833449
116.72,114.04,0.541709,1.373072,2.880696,0.542393,1.374278,2.866648
116.73,114.05,0.536193,1.374189,2.913345,0.539476,1.376465,2.899947
116.74,114.06,0.524155,1.375144,2.945039,0.537887,1.379666,2.934226
116.75,114.07,0.515577,1.377913,2.978405,0.536863,1.384315,2.969677
116.76,114.08,0.511925,1.380335,3.01375,0.535059,1.387412,3.005434
116.77,114.09,0.533017,1.385616,3.054961,0.53338,1.388432,3.041109
116.78,114.1,0.548033,1.389514,3.095645,0.530794,1.388026,3.077547
116.79,114.11,0.558578,1.393062,3.134648,0.528473,1.388425,3.113589
116.8,114.12,0.561476,1.395988,3.170824,0.526678,1.390196,3.148983
116.81,114.13,0.558673,1.398407,3.204974,0.525403,1.39298,3.183945
116.82,114.14,0.552116,1.400434,3.237897,0.524644,1.39642,3.218693
116.83,114.15,0.543751,1.402184,3.270393,0.524395,1.400156,3.253443
116.84,114.16,0.535523,1.403773,3.303262,0.52465,1.40383,3.288412
116.85,114.17,0.529379,1.405317,3.337306,0.525405,1.407085,3.323816
116.86,114.18,0.527265,1.40693,3.373323,0.526655,1.409561,3.359872
116.87,114.19,0.527814,1.408616,3.410594,0.52815,1.411528,3.396327
116.88,114.2,0.527076,1.409429,3.44662,0.52806,1.412286,3.432917
116.89,114.21,0.527638,1.41088,3.481887,0.527732,1.413645,3.468571
116.9,114.22,0.527487,1.412532,3.516322,0.52801,1.415001,3.5038
116.91,114.23,0.527621,1.415943,3.551241,0.528853,1.418199,3.53782
116.92,114.24,0.528875,1.419861,3.584047,0.530539,1.422475,3.571519
116.93,114.25,0.531465,1.426195,3.620471,0.531722,1.428235,3.606192
116.94,114.26,0.532991,1.432755,3.654873,0.534026,1.434705,3.640459
116.95,114.27,0.535905,1.438964,3.690382,0.536008,1.441644,3.67582
116.96,114.28,0.538332,1.444205,3.725665,0.53796,1.446562,3.711544
116.97,114.29,0.542327,1.447051,3.761395,0.539526,1.449518,3.747236
116.98,114.3,0.543657,1.449474,3.797568,0.540932,1.45173,3.782782
116.99,114.31,0.542369,1.450081,3.83089,0.542991,1.452997,3.819865
117,114.32,0.544736,1.45204,3.866785,0.545024,1.45481,3.853601
117.01,114.33,0.547258,1.455388,3.902459,0.546625,1.457569,3.88985
117.02,114.34,0.553515,1.459718,3.938224,0.54974,1.461712,3.923455
117.03,114.35,0.555884,1.464567,3.971629,0.551888,1.466705,3.957497
117.04,114.36,0.557588,1.470918,4.005103,0.555937,1.472699,3.99107
117.05,114.37,0.559743,1.476629,4.039268,0.560163,1.478167,4.025284
117.06,114.38,0.56273,1.481207,4.074507,0.56466,1.48271,4.060493
117.07,114.39,0.566447,1.484874,4.110361,0.569305,1.486519,4.096269
117.08,114.4,0.570788,1.487852,4.146369,0.573976,1.489786,4.132184
117.09,114.41,0.575648,1.490364,4.182073,0.57855,1.492704,4.16781
117.1,114.42,0.580924,1.492631,4.217011,0.582904,1.495463,4.202721
117.11,114.43,0.586372,1.49485,4.251413,0.587108,1.498208,4.23713
117.12,114.44,0.593632,1.497175,4.284621,0.591479,1.500433,4.270469
117.13,114.45,0.601144,1.501007,4.31755,0.596307,1.503189,4.303606
117.14,114.46,0.610031,1.506923,4.349683,0.602276,1.507075,4.336077
117.15,114.47,0.618881,1.513372,4.382454,0.609476,1.512972,4.369096
117.16,114.48,0.627241,1.51957,4.416024,0.617323,1.520167,4.402793
117.17,114.49,0.630953,1.522238,4.45061,0.626488,1.524736,4.437582
117.18,114.5,0.637973,1.525013,4.484445,0.635511,1.529024,4.471308
117.19,114.51,0.645397,1.52681,4.520196,0.642936,1.530882,4.50686
117.2,114.52,0.652347,1.527849,4.555565,0.650492,1.532094,4.54222
117.21,114.53,0.65947,1.528988,4.589063,0.657799,1.532947,4.576107
117.22,114.54,0.667629,1.530107,4.623721,0.665091,1.533669,4.610767
117.23,114.55,0.675701,1.532306,4.656397,0.673628,1.535453,4.643405
117.24,114.56,0.687276,1.535937,4.689301,0.681139,1.538257,4.675917
117.25,114.57,0.697906,1.540202,4.720812,0.690951,1.541376,4.706891
117.26,114.58,0.710619,1.545166,4.753438,0.701042,1.545911,4.739881
117.27,114.59,0.719942,1.549325,4.786465,0.71386,1.551514,4.773762
117.28,114.6,0.730951,1.551685,4.819661,0.726391,1.555168,4.807311
117.29,114.61,0.742213,1.552682,4.853059,0.73888,1.557341,4.841237
117.3,114.62,0.753451,1.553644,4.887705,0.750039,1.55809,4.875582
117.31,114.63,0.764053,1.553951,4.921209,0.760901,1.558521,4.908792
117.32,114.64,0.775421,1.555032,4.955046,0.771682,1.558859,4.942376
117.33,114.65,0.787429,1.556218,4.988081,0.782739,1.559623,4.974773
117.34,114.66,0.799299,1.558236,5.019667,0.794249,1.561029,5.007295
117.35,114.67,0.812902,1.561538,5.051307,0.806207,1.56346,5.038204
117.36,114.68,0.827347,1.565261,5.081513,0.819482,1.56637,5.069112
117.37,114.69,0.843282,1.567995,5.112824,0.83591,1.570527,5.101116
117.38,114.7,0.86396,1.571325,5.146662,0.853061,1.573935,5.133167
117.39,114.71,0.876151,1.571512,5.177964,0.869781,1.57541,5.165561
117.4,114.72,0.875113,1.567959,5.204205,0.885348,1.575702,5.198248
117.41,114.73,0.906711,1.570485,5.24259,0.900113,1.574614,5.230651
117.42,114.74,0.921752,1.56976,5.275117,0.914429,1.573854,5.262912
117.43,114.75,0.941088,1.570116,5.306519,0.929319,1.573097,5.294523
117.44,114.76,0.956909,1.571065,5.336376,0.945553,1.573443,5.324917
117.45,114.77,0.97139,1.57168,5.365551,0.962156,1.574611,5.354959
117.46,114.78,0.989776,1.573722,5.394929,0.980766,1.577074,5.384074
117.47,114.79,1.009036,1.576426,5.423874,1.000184,1.579529,5.412969
117.48,114.8,1.028765,1.578261,5.45298,1.019625,1.581514,5.442402
117.49,114.81,1.058284,1.580915,5.482243,1.039674,1.58229,5.472029
117.5,114.82,1.071178,1.578598,5.512191,1.059704,1.581962,5.501598
117.51,114.83,1.087424,1.577816,5.541587,1.078077,1.580677,5.531324
117.52,114.84,1.108063,1.578072,5.570837,1.096047,1.579295,5.560548
117.53,114.85,1.127817,1.577709,5.599474,1.117439,1.580214,5.589293
117.54,114.86,1.147866,1.578432,5.626584,1.138017,1.580825,5.616476
117.55,114.87,1.16955,1.580386,5.652077,1.159193,1.58263,5.642289
117.56,114.88,1.192929,1.582758,5.676785,1.181656,1.585159,5.667429
117.57,114.89,1.216959,1.585188,5.701498,1.205249,1.587362,5.693038
117.58,114.9,1.246405,1.587506,5.727187,1.228764,1.588758,5.71899
117.59,114.91,1.269665,1.587812,5.752725,1.251713,1.58905,5.745053
117.6,114.92,1.292249,1.588155,5.779207,1.274203,1.589115,5.771673
117.61,114.93,1.316428,1.589035,5.804826,1.298061,1.589509,5.797256
117.62,114.94,1.333405,1.587587,5.830477,1.322137,1.590408,5.821453
117.63,114.95,1.35765,1.589439,5.852509,1.346218,1.591833,5.844001
117.64,114.96,1.383161,1.591965,5.873521,1.371537,1.594202,5.865508
117.65,114.97,1.41051,1.594545,5.893563,1.397598,1.597152,5.885638
117.66,114.98,1.435941,1.596703,5.913353,1.423721,1.599495,5.906049
117.67,114.99,1.467852,1.600476,5.93301,1.450163,1.600777,5.926508
117.68,115,1.489274,1.599955,5.954697,1.477377,1.602276,5.947696
117.69,115.01,1.516394,1.601945,5.974685,1.504731,1.604395,5.967196
117.7,115.02,1.543416,1.604737,5.992676,1.531436,1.6066,5.985603
117.71,115.03,1.572717,1.608489,6.008276,1.558891,1.609886,6.001709
117.72,115.04,1.599376,1.611059,6.022677,1.58713,1.614023,6.015985
117.73,115.05,1.628778,1.614498,6.03621,1.616198,1.617437,6.030018
117.74,115.06,1.659204,1.618346,6.049568,1.643242,1.620605,6.043642
117.75,115.07,1.68527,1.62127,6.063274,1.67185,1.623183,6.059011
117.76,115.08,1.714785,1.624487,6.076737,1.701619,1.626418,6.072176
117.77,115.09,1.743423,1.627566,6.08904,1.730644,1.629232,6.083658
117.78,115.1,1.77386,1.631729,6.098842,1.759221,1.632736,6.093789
117.79,115.11,1.800631,1.634789,6.107783,1.788162,1.637151,6.102315
117.8,115.12,1.831111,1.638978,6.114451,1.818034,1.641509,6.109444
117.81,115.13,1.861074,1.642625,6.120486,1.848153,1.645386,6.116018
117.82,115.14,1.890329,1.647087,6.126104,1.876631,1.648765,6.123071
117.83,115.15,1.919854,1.651206,6.131742,1.906934,1.651953,6.129077
117.84,115.16,1.950967,1.653469,6.138823,1.936379,1.654621,6.135247
117.85,115.17,1.979934,1.656547,6.143619,1.965843,1.657611,6.139772
117.86,115.18,2.009252,1.659364,6.146037,1.99554,1.660848,6.142772
117.87,115.19,2.03581,1.661904,6.14832,2.023907,1.664773,6.143848
117.88,115.2,2.060128,1.664259,6.15017,2.052999,1.668261,6.144269
117.89,115.21,2.084193,1.665358,6.152107,2.082618,1.671166,6.144252
117.9,115.22,2.1091,1.665198,6.154154,2.113156,1.672745,6.143293
117.91,115.23,2.156696,1.670447,6.145342,2.142758,1.673751,6.142976
117.92,115.24,2.186892,1.670574,6.144757,2.173331,1.674081,6.142128
117.93,115.25,2.216428,1.670583,6.143335,2.202884,1.674306,6.140655
117.94,115.26,2.245348,1.671018,6.141263,2.231468,1.674219,6.138959
117.95,115.27,2.273689,1.67115,6.138599,2.26078,1.674121,6.136209
117.96,115.28,2.302612,1.669982,6.134775,2.288402,1.673953,6.133571
117.97,115.29,2.330173,1.668667,6.130415,2.316317,1.673531,6.130653
117.98,115.3,2.359296,1.666361,6.125721,2.344663,1.671471,6.126034
117.99,115.31,2.387953,1.663185,6.121193,2.373524,1.668428,6.121187
118,115.32,2.416734,1.658844,6.116201,2.402728,1.664068,6.116257
118.01,115.33,2.444945,1.653713,6.111114,2.431016,1.659384,6.111764
118.02,115.34,2.471681,1.648018,6.106205,2.45915,1.654179,6.10695
118.03,115.35,2.500786,1.643016,6.100245,2.486991,1.649265,6.101564
118.04,115.36,2.527233,1.638661,6.093194,2.515385,1.645224,6.094975
118.05,115.37,2.554229,1.636142,6.084612,2.541704,1.641768,6.087506
118.06,115.38,2.581025,1.633426,6.074865,2.569003,1.639216,6.07882
118.07,115.39,2.608596,1.629807,6.065535,2.596901,1.635041,6.069786
118.08,115.4,2.63802,1.624015,6.056242,2.625838,1.629562,6.060513
118.09,115.41,2.667916,1.617558,6.047371,2.654773,1.623036,6.051733
118.1,115.42,2.695723,1.610351,6.038489,2.683572,1.615688,6.042409
118.11,115.43,2.723757,1.602965,6.028625,2.711937,1.608705,6.032822
118.12,115.44,2.751963,1.597753,6.017979,2.740303,1.603406,6.022713
118.13,115.45,2.779175,1.593652,6.006471,2.766851,1.598733,6.01181
118.14,115.46,2.805226,1.590147,5.993382,2.793869,1.595025,5.999427
118.15,115.47,2.831857,1.586267,5.979493,2.821465,1.590683,5.986321
118.16,115.48,2.859769,1.580107,5.964333,2.849205,1.585351,5.971755
118.17,115.49,2.887937,1.572468,5.949521,2.877853,1.578251,5.956594
118.18,115.5,2.915903,1.564942,5.935414,2.905657,1.57054,5.942544
118.19,115.51,2.944403,1.558173,5.921182,2.934737,1.563822,5.928157
118.2,115.52,2.972639,1.55273,5.906127,2.961543,1.55742,5.913307
118.21,115.53,2.999126,1.547948,5.890195,2.98879,1.552467,5.898232
118.22,115.54,3.025233,1.543976,5.873442,3.016114,1.549097,5.882016
118.23,115.55,3.051372,1.54118,5.854809,3.041406,1.545033,5.864161
118.24,115.56,3.078003,1.537163,5.835595,3.069584,1.541685,5.845383
118.25,115.57,3.105208,1.531078,5.816496,3.096898,1.536746,5.825453
118.26,115.58,3.132312,1.524635,5.797504,3.123921,1.529936,5.806741
118.27,115.59,3.159464,1.517989,5.778732,3.150371,1.523283,5.787953
118.28,115.6,3.186619,1.512228,5.760281,3.177681,1.517478,5.76912
118.29,115.61,3.212728,1.507629,5.741077,3.203885,1.512992,5.750292
118.3,115.62,3.23855,1.504595,5.721519,3.228971,1.509019,5.730893
118.31,115.63,3.262887,1.502164,5.701184,3.253432,1.506095,5.710704
118.32,115.64,3.287271,1.500505,5.679012,3.278637,1.504381,5.689453
118.33,115.65,3.312322,1.497714,5.656533,3.303923,1.501514,5.666991
118.34,115.66,3.338024,1.492952,5.632172,3.329541,1.497642,5.643711
118.35,115.67,3.364254,1.488336,5.607516,3.356065,1.492725,5.621092
118.36,115.68,3.390809,1.482311,5.589689,3.381674,1.487191,5.598871
118.37,115.69,3.416598,1.478203,5.568258,3.407161,1.482334,5.57648
118.38,115.7,3.440452,1.474004,5.544631,3.431641,1.478342,5.553998
118.39,115.71,3.463844,1.470756,5.521103,3.454941,1.475665,5.530918
118.4,115.72,3.486128,1.46902,5.496737,3.477667,1.474352,5.50706
118.41,115.73,3.508698,1.468555,5.471183,3.500579,1.473174,5.48161
118.42,115.74,3.531316,1.467146,5.444873,3.523059,1.47179,5.455695
118.43,115.75,3.554619,1.464497,5.418611,3.546402,1.46866,5.429715
118.44,115.76,3.577867,1.460233,5.391552,3.569254,1.464802,5.403799
118.45,115.77,3.601938,1.454988,5.367118,3.594421,1.459993,5.377686
118.46,115.78,3.625556,1.451142,5.341137,3.61745,1.455815,5.351999
118.47,115.79,3.647957,1.44868,5.315089,3.639363,1.452786,5.326229
118.48,115.8,3.669351,1.447489,5.288631,3.660492,1.451386,5.299627
118.49,115.81,3.689216,1.447233,5.260269,3.681117,1.451148,5.272237
118.5,115.82,3.709202,1.447871,5.231822,3.701662,1.452154,5.243062
118.51,115.83,3.728548,1.449118,5.204816,3.722227,1.452009,5.214008
118.52,115.84,3.749601,1.445584,5.173566,3.742499,1.44998,5.184746
118.53,115.85,3.769388,1.442722,5.139732,3.763267,1.446845,5.155313
118.54,115.86,3.792329,1.439977,5.115621,3.783486,1.444017,5.12569
118.55,115.87,3.812225,1.437094,5.084634,3.803805,1.441217,5.096333
118.56,115.88,3.831243,1.436069,5.052979,3.82438,1.439624,5.067441
118.57,115.89,3.849966,1.436402,5.024562,3.842938,1.439801,5.038407
118.58,115.9,3.867757,1.438333,4.995611,3.860996,1.441411,5.008376
118.59,115.91,3.885191,1.441064,4.965354,3.878517,1.443759,4.977552
118.6,115.92,3.901795,1.442608,4.934017,3.895539,1.445331,4.945769
118.61,115.93,3.919277,1.441878,4.902613,3.912757,1.444924,4.913296
118.62,115.94,3.93697,1.440882,4.865615,3.930612,1.444035,4.88054
118.63,115.95,3.954639,1.440216,4.832582,3.948599,1.443035,4.848438
118.64,115.96,3.972454,1.440194,4.802038,3.966003,1.442803,4.816859
118.65,115.97,3.990128,1.442831,4.774233,3.982706,1.444393,4.786243
118.66,115.98,4.004637,1.445352,4.740388,3.998805,1.447505,4.755418
118.67,115.99,4.018816,1.44983,4.707271,4.013653,1.451876,4.723866
118.68,116,4.032861,1.454656,4.675356,4.027699,1.456402,4.691175
118.69,116.01,4.047103,1.457871,4.643916,4.042193,1.459825,4.658076
118.7,116.02,4.062228,1.458934,4.610647,4.057478,1.461934,4.625062
118.71,116.03,4.07656,1.459489,4.577711,4.073114,1.463191,4.592301
118.72,116.04,4.092319,1.460534,4.543903,4.088253,1.464115,4.55972
118.73,116.05,4.10686,1.462443,4.511765,4.103172,1.465601,4.526658
118.74,116.06,4.120414,1.465647,4.480494,4.116366,1.468294,4.494795
118.75,116.07,4.133015,1.470124,4.449096,4.129026,1.47241,4.463483
118.76,116.08,4.143584,1.476496,4.420941,4.139754,1.477646,4.43231
118.77,116.09,4.156317,1.481553,4.393408,4.151123,1.484679,4.397758
118.78,116.1,4.16583,1.488277,4.347814,4.162004,1.49118,4.364404
118.79,116.11,4.176588,1.493365,4.313884,4.173192,1.495364,4.33071
118.8,116.12,4.188719,1.496184,4.280569,4.184864,1.498094,4.297338
118.81,116.13,4.200176,1.497769,4.248468,4.196671,1.500429,4.264326
118.82,116.14,4.211577,1.502137,4.213954,4.207599,1.503076,4.231489
118.83,116.15,4.221411,1.506645,4.181652,4.218443,1.506976,4.197881
118.84,116.16,4.22921,1.512238,4.149909,4.228048,1.511456,4.167727
118.85,116.17,4.237047,1.518253,4.117167,4.234229,1.518206,4.134433
118.86,116.18,4.243972,1.525968,4.084978,4.240789,1.526316,4.10048
118.87,116.19,4.251091,1.532938,4.052515,4.248545,1.532998,4.070546
118.88,116.2,4.258768,1.536641,4.023428,4.256273,1.537817,4.042764
118.89,116.21,4.268269,1.538392,4.002439,4.26473,1.541172,4.015572
118.9,116.22,4.278413,1.539234,3.98211,4.272643,1.544641,3.987811
118.91,116.23,4.288454,1.540119,3.963733,4.279522,1.548325,3.958966
118.92,116.24,4.297748,1.541956,3.946651,4.285447,1.552201,3.929112
118.93,116.25,4.306324,1.543211,3.930582,4.2905,1.556247,3.898329
118.94,116.26,4.313934,1.545041,3.91168,4.294763,1.560439,3.866692
118.95,116.27,4.319736,1.547935,3.8875,4.298316,1.564756,3.834279
118.96,116.28,4.323912,1.551759,3.858629,4.301243,1.569175,3.801169
118.97,116.29,4.326651,1.556383,3.825651,4.303621,1.573674,3.767438
118.98,116.3,4.328139,1.561673,3.789156,4.305535,1.578229,3.733163
118.99,116.31,4.328561,1.567497,3.749728,4.307065,1.582818,3.698423
119,116.32,4.328104,1.573724,3.707953,4.308293,1.587419,3.663294
119.01,116.33,4.326954,1.580221,3.664418,4.309299,1.592009,3.627853
119.02,116.34,4.325296,1.586856,3.619709,4.310165,1.596565,3.592179
119.03,116.35,4.323317,1.593497,3.574413,4.310972,1.601065,3.556348
119.04,116.36,4.321202,1.600012,3.529114,4.311802,1.605487,3.520438
119.05,116.37,4.319138,1.606268,3.484401,4.312735,1.609807,3.484527
119.06,116.38,4.317311,1.612133,3.440858,4.313854,1.614004,3.448691
119.07,116.39,4.315907,1.617475,3.399072,4.31524,1.618054,3.413009
119.08,116.4,4.314775,1.622512,3.358361,4.316786,1.622023,3.377429
119.09,116.41,4.311059,1.626827,3.314996,4.31618,1.6254,3.339374
119.1,116.42,4.306321,1.63014,3.273239,4.313973,1.628198,3.301445
119.11,116.43,4.302128,1.632169,3.23735,4.310719,1.630432,3.266243
119.12,116.44,4.300048,1.632636,3.211592,4.306967,1.632118,3.236369
119.13,116.45,4.301644,1.63126,3.200224,4.30327,1.633271,3.214425
119.14,116.46,4.305602,1.628868,3.197471,4.299785,1.634161,3.197311
119.15,116.47,4.307503,1.6274,3.195395,4.294553,1.635956,3.181047
119.16,116.48,4.301013,1.631544,3.163606,4.289063,1.640301,3.149649
119.17,116.49,4.284652,1.641835,3.099975,4.282233,1.647443,3.102071
119.18,116.5,4.271867,1.649275,3.044862,4.275441,1.652578,3.058172
119.19,116.51,4.265351,1.652289,3.00746,4.269129,1.655107,3.022733
119.2,116.52,4.258418,1.651655,2.978374,4.262505,1.654806,2.991441
119.21,116.53,4.245703,1.65165,2.944825,4.255512,1.654689,2.958777
119.22,116.54,4.244383,1.65028,2.91373,4.250438,1.655442,2.92509
119.23,116.55,4.23771,1.650946,2.881753,4.243165,1.655076,2.894377
119.24,116.56,4.230707,1.652828,2.850609,4.23502,1.656013,2.864215
119.25,116.57,4.222878,1.655556,2.819422,4.226848,1.658907,2.832772
119.26,116.58,4.214149,1.659847,2.788371,4.219199,1.662367,2.802336
119.27,116.59,4.205468,1.663963,2.757328,4.209734,1.666552,2.771103
119.28,116.6,4.196346,1.666778,2.726115,4.201341,1.669239,2.739614
119.29,116.61,4.188587,1.668041,2.693932,4.182793,1.670866,2.706152
119.3,116.62,4.181445,1.669054,2.661969,4.173124,1.671053,2.673144
119.31,116.63,4.172074,1.667545,2.629386,4.164031,1.670165,2.640637
119.32,116.64,4.163103,1.666709,2.595127,4.154925,1.669398,2.60831
119.33,116.65,4.153965,1.663781,2.564199,4.145926,1.668301,2.577628
119.34,116.66,4.141577,1.666009,2.534622,4.145714,1.667941,2.547566
119.35,116.67,4.131511,1.668047,2.504287,4.135505,1.671176,2.51751
119.36,116.68,4.120033,1.671866,2.474718,4.124951,1.674886,2.487892
119.37,116.69,4.108282,1.675437,2.445779,4.113407,1.678865,2.457989
119.38,116.7,4.095981,1.678357,2.415843,4.10121,1.68199,2.428277
119.39,116.71,4.083602,1.680976,2.385161,4.088282,1.684684,2.39884
119.4,116.72,4.071783,1.684248,2.355011,4.076642,1.687003,2.368057
119.41,116.73,4.061729,1.687848,2.325908,4.066062,1.690325,2.339104
119.42,116.74,4.051502,1.692226,2.297037,4.055753,1.694064,2.311327
119.43,116.75,4.040644,1.696524,2.268773,4.045226,1.698537,2.282262
119.44,116.76,4.0299,1.70092,2.240443,4.035003,1.703599,2.254316
119.45,116.77,4.019484,1.706286,2.21232,4.024136,1.708729,2.226442
119.46,116.78,4.008151,1.710419,2.184445,4.012902,1.713871,2.198037
119.47,116.79,3.99718,1.713566,2.155586,4.002307,1.716917,2.168989
119.48,116.8,3.986315,1.715694,2.125281,3.991577,1.719588,2.139422
119.49,116.81,3.975999,1.717469,2.096453,3.980986,1.721205,2.109912
119.5,116.82,3.965201,1.719104,2.068212,3.970539,1.722908,2.080961
119.51,116.83,3.954242,1.721895,2.040766,3.959964,1.725212,2.053642
119.52,116.84,3.943213,1.724623,2.013177,3.948971,1.727814,2.026744
119.53,116.85,3.932391,1.727997,1.986934,3.937634,1.730814,1.999832
119.54,116.86,3.920994,1.730642,1.959699,3.92638,1.734051,1.972849
119.55,116.87,3.909893,1.732471,1.932441,3.915062,1.736144,1.945596
119.56,116.88,3.899014,1.733092,1.904764,3.903637,1.73709,1.918027
119.57,116.89,3.888521,1.732636,1.87655,3.893055,1.736831,1.889661
119.58,116.9,3.878157,1.730484,1.84895,3.883235,1.735971,1.861763
119.59,116.91,3.867728,1.729413,1.821899,3.873614,1.734438,1.834473
119.6,116.92,3.856711,1.728239,1.795096,3.863856,1.732443,1.80725
119.61,116.93,3.845945,1.72675,1.768556,3.852835,1.730747,1.780662
119.62,116.94,3.834105,1.726456,1.742208,3.841062,1.730039,1.754408
119.63,116.95,3.82087,1.727233,1.716303,3.827775,1.730876,1.72863
119.64,116.96,3.806679,1.728545,1.691088,3.813134,1.732243,1.703385
119.65,116.97,3.792022,1.728175,1.665105,3.798055,1.732596,1.677276
119.66,116.98,3.77755,1.726149,1.63915,3.783838,1.730603,1.650885
119.67,116.99,3.762435,1.723181,1.612702,3.770251,1.727619,1.623649
119.68,117,3.747869,1.720121,1.586053,3.756244,1.724255,1.596787
119.69,117.01,3.732552,1.717474,1.559789,3.740605,1.721579,1.570755
119.7,117.02,3.717368,1.716276,1.534492,3.725509,1.719699,1.545698
119.71,117.03,3.700677,1.715723,1.510491,3.709196,1.718557,1.521886
119.72,117.04,3.683383,1.715089,1.487945,3.691403,1.718706,1.498801
119.73,117.05,3.664501,1.71501,1.46512,3.672563,1.718829,1.475644
119.74,117.06,3.644881,1.712987,1.44184,3.653988,1.717588,1.452338
119.75,117.07,3.62578,1.710269,1.41826,3.634681,1.714968,1.428724
119.76,117.08,3.607105,1.706674,1.394321,3.616062,1.711746,1.404853
119.77,117.09,3.587095,1.704669,1.37068,3.596808,1.708748,1.380976
119.78,117.1,3.567638,1.703676,1.348961,3.577668,1.70706,1.358549
119.79,117.11,3.548154,1.703648,1.328495,3.559105,1.705617,1.337192
119.8,117.12,3.527941,1.703251,1.308641,3.538314,1.705414,1.316956
119.81,117.13,3.504755,1.702708,1.288353,3.515539,1.705494,1.297349
119.82,117.14,3.482069,1.701648,1.26779,3.492379,1.705426,1.276912
119.83,117.15,3.458421,1.699224,1.246969,3.469124,1.703625,1.255873
119.84,117.16,3.435071,1.695888,1.225943,3.446627,1.700721,1.234737
119.85,117.17,3.411708,1.692983,1.204776,3.422494,1.697026,1.214204
119.86,117.18,3.388357,1.691182,1.185021,3.399437,1.694089,1.194097
119.87,117.19,3.365869,1.690428,1.166284,3.377275,1.6926,1.174426
119.88,117.2,3.342612,1.690297,1.148678,3.354376,1.691546,1.156408
119.89,117.21,3.318099,1.689929,1.131282,3.329606,1.692156,1.139123
119.9,117.22,3.291238,1.689912,1.114144,3.303157,1.692698,1.122143
119.91,117.23,3.262687,1.688961,1.097702,3.276138,1.692257,1.104737
119.92,117.24,3.236424,1.686099,1.080295,3.249537,1.690685,1.087356
119.93,117.25,3.210515,1.682361,1.062589,3.22259,1.687402,1.069117
119.94,117.26,3.182562,1.680303,1.045116,3.196878,1.684433,1.050947
119.95,117.27,3.158503,1.67766,1.028348,3.171279,1.681974,1.03328
119.96,117.28,3.134284,1.675888,1.012329,3.145191,1.680136,1.016972
119.97,117.29,3.105086,1.675558,0.997596,3.118078,1.678814,1.002455
119.98,117.3,3.077801,1.675094,0.98335,3.090598,1.678859,0.988923
119.99,117.31,3.051543,1.67435,0.96958,3.062321,1.678633,0.974939
120,117.32,3.017084,1.674303,0.958524,3.033752,1.677848,0.960749
120.01,117.33,2.989761,1.67127,0.944439,3.004133,1.676381,0.947189
120.02,117.34,2.961112,1.669062,0.930842,2.974974,1.673934,0.933372
120.03,117.35,2.930638,1.666945,0.918157,2.94626,1.671449,0.920013
120.04,117.36,2.902208,1.665441,0.904697,2.917898,1.66954,0.90716
120.05,117.37,2.873564,1.664589,0.891991,2.888766,1.66791,0.895671
120.06,117.38,2.844759,1.663797,0.881308,2.859982,1.667459,0.885586
120.07,117.39,2.814358,1.663506,0.873526,2.830817,1.667465,0.876161
120.08,117.4,2.788152,1.662864,0.864297,2.801171,1.667231,0.867353
120.09,117.41,2.7583,1.660702,0.855809,2.772083,1.66495,0.857708
120.1,117.42,2.727638,1.659411,0.848625,2.741981,1.662754,0.848758
120.11,117.43,2.697131,1.657837,0.839619,2.710681,1.660815,0.840707
120.12,117.44,2.665381,1.65607,0.83177,2.679465,1.659787,0.833301
120.13,117.45,2.635188,1.654915,0.824665,2.64925,1.658784,0.826705
120.14,117.46,2.605103,1.654182,0.819279,2.618988,1.658131,0.820354
120.15,117.47,2.574842,1.65405,0.815757,2.588492,1.658519,0.816048
120.16,117.48,2.544229,1.653813,0.812123,2.558189,1.65841,0.811977
120.17,117.49,2.513536,1.652632,0.808651,2.527166,1.657148,0.807884
120.18,117.5,2.483216,1.651717,0.805358,2.496871,1.655548,0.803344
120.19,117.51,2.452865,1.651149,0.802849,2.465985,1.653555,0.798815
120.2,117.52,2.420928,1.649046,0.798942,2.434652,1.651593,0.796739
120.21,117.53,2.390115,1.646941,0.797548,2.403774,1.650125,0.795552
120.22,117.54,2.359503,1.645714,0.796966,2.373162,1.649022,0.794762
120.23,117.55,2.329391,1.644434,0.797988,2.342892,1.648602,0.795771
120.24,117.56,2.299263,1.643448,0.800293,2.312474,1.647947,0.7972
120.25,117.57,2.26849,1.64163,0.80289,2.281584,1.646892,0.799415
120.26,117.58,2.237454,1.639009,0.805762,2.250317,1.644612,0.801904
120.27,117.59,2.207168,1.637105,0.808542,2.22006,1.641904,0.803793
120.28,117.6,2.176004,1.634648,0.811374,2.188735,1.638724,0.806135
120.29,117.61,2.145146,1.632228,0.814285,2.158251,1.636254,0.809715
120.3,117.62,2.115462,1.630457,0.818605,2.128219,1.63397,0.814564
120.31,117.63,2.08567,1.62897,0.824534,2.099081,1.632641,0.819959
120.32,117.64,2.056822,1.627571,0.831119,2.069576,1.631626,0.826438
120.33,117.65,2.027253,1.625786,0.838754,2.0403,1.630262,0.834077
120.34,117.66,1.99796,1.622787,0.846307,2.010574,1.628094,0.842085
120.35,117.67,1.967601,1.619089,0.853992,1.980737,1.624275,0.850015
120.36,117.68,1.937461,1.614766,0.861701,1.950194,1.619888,0.857044
120.37,117.69,1.907635,1.611678,0.869518,1.920659,1.615895,0.864734
120.38,117.7,1.877996,1.608694,0.878127,1.891258,1.612997,0.873177
120.39,117.71,1.849902,1.606717,0.887743,1.863509,1.610316,0.882782
120.4,117.72,1.822356,1.604427,0.899189,1.835432,1.608654,0.893958
120.41,117.73,1.794588,1.602607,0.912031,1.807427,1.607444,0.906595
120.42,117.74,1.766738,1.599274,0.924795,1.779203,1.605022,0.919526
120.43,117.75,1.738003,1.595167,0.937536,1.75043,1.601128,0.932654
120.44,117.76,1.709185,1.590238,0.950047,1.721265,1.596695,0.945296
120.45,117.77,1.680247,1.58565,0.963187,1.692356,1.592067,0.958278
120.46,117.78,1.652263,1.58229,0.97682,1.664417,1.587967,0.971791
120.47,117.79,1.626155,1.580384,0.991141,1.63833,1.58516,0.984874
120.48,117.8,1.600382,1.579283,1.006264,1.612193,1.583195,0.998966
120.49,117.81,1.57477,1.577509,1.024394,1.58634,1.581846,1.015256
120.5,117.82,1.548537,1.574028,1.039387,1.560043,1.579187,1.031986
120.51,117.83,1.522723,1.569725,1.056841,1.533866,1.575554,1.049652
120.52,117.84,1.496298,1.564905,1.074301,1.507396,1.570757,1.067389
120.53,117.85,1.469919,1.560249,1.091489,1.480993,1.566237,1.084378
120.54,117.86,1.444412,1.556277,1.108879,1.454969,1.562132,1.101661
120.55,117.87,1.419436,1.553912,1.126838,1.429835,1.559241,1.119201
120.56,117.88,1.395462,1.552717,1.145869,1.406278,1.55729,1.137124
120.57,117.89,1.373249,1.552033,1.165018,1.383554,1.556154,1.155784
120.58,117.9,1.35041,1.550163,1.186067,1.359709,1.55523,1.176839
120.59,117.91,1.326754,1.548053,1.208175,1.336728,1.552432,1.198043
120.6,117.92,1.303366,1.544495,1.22948,1.313319,1.548605,1.219781
120.61,117.93,1.279918,1.540531,1.257129,1.28937,1.543987,1.240495
120.62,117.94,1.255903,1.53518,1.27187,1.265227,1.539663,1.261705
120.63,117.95,1.233001,1.530951,1.292489,1.242141,1.536043,1.282728
120.64,117.96,1.211809,1.530775,1.320962,1.220477,1.533462,1.304434
120.65,117.97,1.191487,1.527142,1.336784,1.199929,1.532008,1.32637
120.66,117.98,1.171379,1.52646,1.360181,1.179717,1.530773,1.349569
120.67,117.99,1.151694,1.525245,1.384796,1.159621,1.529046,1.373257
120.68,118,1.132663,1.522637,1.408796,1.139188,1.526126,1.397133
120.69,118.01,1.111673,1.518635,1.433982,1.119405,1.522684,1.422088
120.7,118.02,1.090423,1.51354,1.457809,1.098181,1.518479,1.446785
120.71,118.03,1.0692,1.510323,1.481565,1.077657,1.514725,1.471747
120.72,118.04,1.0506,1.508315,1.511238,1.058441,1.511846,1.496467
120.73,118.05,1.032972,1.505533,1.534733,1.040333,1.509446,1.521816
120.74,118.06,1.016524,1.50358,1.55849,1.023955,1.508289,1.547863
120.75,118.07,1.000474,1.502371,1.586508,1.007973,1.5074,1.57527
120.76,118.08,0.984916,1.500593,1.613945,0.99139,1.505897,1.60276
120.77,118.09,0.969671,1.49841,1.64678,0.975389,1.502735,1.630337
120.78,118.1,0.953139,1.494592,1.673434,0.9583,1.498595,1.657722
120.79,118.11,0.935892,1.490229,1.70058,0.941749,1.49447,1.68563
120.8,118.12,0.919928,1.486897,1.730754,0.925893,1.490496,1.71349
120.81,118.13,0.904048,1.483756,1.756891,0.910172,1.4874,1.741161
120.82,118.14,0.890783,1.48239,1.787355,0.896074,1.485186,1.769105
120.83,118.15,0.87735,1.479728,1.81039,0.883351,1.484009,1.798098
120.84,118.16,0.865785,1.478784,1.840621,0.8717,1.483176,1.828152
120.85,118.17,0.855409,1.477157,1.871334,0.859245,1.48132,1.858001
120.86,118.18,0.844423,1.474369,1.901708,0.847292,1.477812,1.888258
120.87,118.19,0.831714,1.469038,1.932941,0.835607,1.473371,1.919828
120.88,118.2,0.818758,1.463422,1.964489,0.823168,1.468104,1.951397
120.89,118.21,0.805947,1.457843,1.995179,0.810614,1.462794,1.98236
120.9,118.22,0.794011,1.453144,2.026231,0.798687,1.457867,2.013429
120.91,118.23,0.782935,1.449689,2.057113,0.787903,1.454276,2.044371
120.92,118.24,0.773864,1.447337,2.08846,0.777918,1.451662,2.075292
120.93,118.25,0.765636,1.445909,2.11994,0.769243,1.450027,2.106433
120.94,118.26,0.758236,1.444894,2.152308,0.761091,1.448585,2.138596
120.95,118.27,0.750876,1.44195,2.185058,0.752992,1.445953,2.171595
120.96,118.28,0.742582,1.43646,2.219437,0.745321,1.441478,2.20631
120.97,118.29,0.734421,1.430363,2.253948,0.737374,1.435522,2.240648
120.98,118.3,0.725587,1.424409,2.287565,0.728417,1.429564,2.274194
120.99,118.31,0.715495,1.418364,2.319956,0.719199,1.423871,2.307345
121,118.32,0.707571,1.414305,2.353363,0.711063,1.419077,2.340298
121.01,118.33,0.700756,1.411613,2.386361,0.703932,1.415837,2.373095
121.02,118.34,0.695334,1.410254,2.419427,0.697343,1.413765,2.405698
121.03,118.35,0.690074,1.408786,2.45295,0.692295,1.412418,2.440054
121.04,118.36,0.685861,1.406769,2.489536,0.688307,1.411496,2.476987
121.05,118.37,0.681618,1.403263,2.526227,0.684033,1.408255,2.513169
121.06,118.38,0.676776,1.398716,2.562595,0.679366,1.403608,2.549191
121.07,118.39,0.67128,1.393683,2.598225,0.67349,1.398708,2.584804
121.08,118.4,0.665336,1.388162,2.633783,0.667242,1.393183,2.62041
121.09,118.41,0.660764,1.384239,2.671004,0.662011,1.388129,2.655932
121.1,118.42,0.655669,1.380958,2.704126,0.657142,1.384133,2.690256
121.11,118.43,0.65173,1.378091,2.735814,0.653476,1.382024,2.72547
121.12,118.44,0.64964,1.377371,2.774614,0.650434,1.380606,2.760965
121.13,118.45,0.646928,1.377441,2.81153,0.647978,1.380593,2.797849
121.14,118.46,0.644227,1.376365,2.848298,0.646203,1.380852,2.835698
121.15,118.47,0.642616,1.374535,2.885767,0.64422,1.378643,2.873111
121.16,118.48,0.641131,1.370922,2.924613,0.64223,1.374727,2.911403
121.17,118.49,0.637685,1.36646,2.96253,0.639222,1.370465,2.949501
121.18,118.5,0.634247,1.361866,3.000764,0.635623,1.365906,2.986878
121.19,118.51,0.631665,1.359007,3.038065,0.632896,1.362408,3.024198
121.2,118.52,0.628389,1.357244,3.074054,0.631046,1.360928,3.061115
121.21,118.53,0.626929,1.357774,3.111599,0.627973,1.360413,3.097658
121.22,118.54,0.62505,1.358714,3.146902,0.626603,1.361481,3.134284
121.23,118.55,0.628498,1.362094,3.186803,0.62582,1.364365,3.171712
121.24,118.56,0.624106,1.362202,3.22458,0.625337,1.365874,3.210794
121.25,118.57,0.623489,1.361507,3.262941,0.62418,1.365138,3.24938
121.26,118.58,0.622352,1.359441,3.301357,0.623272,1.363343,3.287702
121.27,118.59,0.620493,1.358292,3.340276,0.621433,1.361312,3.326359
121.28,118.6,0.618482,1.356863,3.376861,0.619427,1.359828,3.363527
121.29,118.61,0.616694,1.358317,3.414937,0.617045,1.360242,3.400625
121.3,118.62,0.615145,1.35894,3.451301,0.615843,1.361922,3.437433
121.31,118.63,0.61398,1.361534,3.487494,0.615312,1.364625,3.474433
121.32,118.64,0.614396,1.367038,3.526714,0.615286,1.369367,3.512087
121.33,118.65,0.613806,1.370784,3.564372,0.614737,1.373836,3.550101
121.34,118.66,0.613429,1.373233,3.602661,0.613731,1.376297,3.588661
121.35,118.67,0.612374,1.374563,3.641629,0.612657,1.37766,3.627317
121.36,118.68,0.610476,1.374578,3.676295,0.611289,1.378279,3.665317
121.37,118.69,0.609549,1.375021,3.718144,0.610371,1.378191,3.705399
121.38,118.7,0.608978,1.375943,3.756383,0.609477,1.378525,3.742075
121.39,118.71,0.608061,1.375843,3.792164,0.60913,1.378523,3.779793
121.4,118.72,0.607924,1.377218,3.828474,0.608753,1.380537,3.8165
121.41,118.73,0.608291,1.379843,3.865823,0.608766,1.382957,3.852718
121.42,118.74,0.609364,1.38404,3.901544,0.609309,1.386621,3.888757
121.43,118.75,0.609483,1.389462,3.93795,0.610837,1.391726,3.925922
121.44,118.76,0.617402,1.396038,3.977124,0.61187,1.397548,3.96295
121.45,118.77,0.619921,1.398714,4.01757,0.612962,1.400967,4.000946
121.46,118.78,0.616086,1.400153,4.053507,0.614188,1.403373,4.039211
121.47,118.79,0.615362,1.400919,4.090338,0.614495,1.404334,4.077461
121.48,118.8,0.615676,1.401047,4.129514,0.615045,1.405091,4.115668
121.49,118.81,0.616598,1.402033,4.165853,0.615985,1.405945,4.153267
121.5,118.82,0.618385,1.404327,4.204369,0.61749,1.407649,4.1901
121.51,118.83,0.621017,1.407753,4.240873,0.619513,1.41072,4.226872
121.52,118.84,0.624608,1.412206,4.277042,0.622708,1.415122,4.262535
121.53,118.85,0.629111,1.417048,4.311124,0.627399,1.419657,4.298355
121.54,118.86,0.634857,1.423464,4.348209,0.632655,1.42601,4.335085
121.55,118.87,0.646074,1.430147,4.385321,0.638242,1.431319,4.371565
121.56,118.88,0.649965,1.43251,4.423008,0.643873,1.435277,4.408684
121.57,118.89,0.651777,1.43371,4.45975,0.648751,1.437777,4.445583
121.58,118.9,0.655796,1.434844,4.497568,0.653675,1.439046,4.484103
121.59,118.91,0.660213,1.435834,4.535318,0.658506,1.439774,4.521248
121.6,118.92,0.665108,1.437221,4.571656,0.663902,1.44073,4.558033
121.61,118.93,0.671129,1.439584,4.608784,0.670233,1.443001,4.594305
121.62,118.94,0.678538,1.443183,4.643225,0.677328,1.446038,4.629138
121.63,118.95,0.687041,1.447478,4.677527,0.685484,1.450252,4.663507
121.64,118.96,0.696668,1.453226,4.711878,0.695908,1.455841,4.697934
121.65,118.97,0.707078,1.458834,4.745811,0.704734,1.461581,4.732669
121.66,118.98,0.717211,1.46312,4.781005,0.713451,1.466054,4.767837
121.67,118.99,0.726906,1.465845,4.816956,0.722875,1.469475,4.803624
121.68,119,0.735817,1.46798,4.853013,0.732583,1.471384,4.838895
121.69,119.01,0.744883,1.469711,4.888431,0.741981,1.472835,4.874911
121.7,119.02,0.754524,1.4709,4.923224,0.751832,1.474304,4.909235
121.71,119.03,0.765054,1.472943,4.957515,0.762019,1.476031,4.943922
121.72,119.04,0.776201,1.475671,4.989609,0.773345,1.478665,4.976792
121.73,119.05,0.789431,1.479474,5.022314,0.785444,1.482329,5.008891
121.74,119.06,0.803411,1.483976,5.053899,0.799596,1.486606,5.040577
121.75,119.07,0.817596,1.488114,5.083611,0.813642,1.491312,5.073012
121.76,119.08,0.833799,1.491943,5.117945,0.829089,1.495365,5.105431
121.77,119.09,0.849774,1.494336,5.151701,0.844122,1.497939,5.138406
121.78,119.1,0.864774,1.495926,5.184543,0.859052,1.499452,5.171744
121.79,119.11,0.879103,1.497154,5.217048,0.872792,1.500117,5.204625
121.8,119.12,0.893473,1.497335,5.249189,0.886804,1.500478,5.237181
121.81,119.13,0.908483,1.497311,5.281298,0.901825,1.500448,5.269363
121.82,119.14,0.924015,1.497855,5.31283,0.91824,1.500597,5.300927
121.83,119.15,0.940492,1.498984,5.343592,0.9337,1.501564,5.331632
121.84,119.16,0.957982,1.500717,5.372988,0.950681,1.503374,5.360886
121.85,119.17,0.976905,1.502845,5.40179,0.968848,1.505739,5.389967
121.86,119.18,0.996856,1.50499,5.429814,0.987713,1.508168,5.419348
121.87,119.19,1.026122,1.508621,5.458557,1.006823,1.508939,5.449108
121.88,119.2,1.037052,1.504759,5.489274,1.027738,1.509357,5.479135
121.89,119.21,1.058521,1.504297,5.519361,1.047273,1.508221,5.509276
121.9,119.22,1.075572,1.503046,5.549196,1.065713,1.506841,5.539317
121.91,119.23,1.095238,1.501316,5.578526,1.085131,1.50533,5.568957
121.92,119.24,1.114944,1.499794,5.606845,1.10468,1.503304,5.597544
121.93,119.25,1.136054,1.498013,5.634832,1.125681,1.501986,5.625656
121.94,119.26,1.157658,1.497056,5.661236,1.147235,1.501423,5.651898
121.95,119.27,1.179736,1.497297,5.686513,1.169538,1.501138,5.677028
121.96,119.28,1.203258,1.497485,5.711088,1.192933,1.501178,5.701892
121.97,119.29,1.229204,1.496782,5.735984,1.217315,1.500824,5.726992
121.98,119.3,1.252097,1.494484,5.761201,1.242049,1.499446,5.752359
121.99,119.31,1.276487,1.492612,5.786717,1.266037,1.49732,5.777677
122,119.32,1.301051,1.49104,5.811126,1.290068,1.495554,5.802791
122.01,119.33,1.326317,1.490055,5.834447,1.314255,1.494039,5.826803
122.02,119.34,1.35204,1.488802,5.855767,1.34005,1.492926,5.848526
122.03,119.35,1.37859,1.488259,5.87575,1.367022,1.492249,5.868179
122.04,119.36,1.408859,1.488372,5.894365,1.39478,1.491915,5.886951
122.05,119.37,1.436259,1.487451,5.913459,1.422567,1.491106,5.906009
122.06,119.38,1.461959,1.485032,5.932997,1.45156,1.489894,5.925192
122.07,119.39,1.490288,1.483439,5.950866,1.478539,1.487588,5.944188
122.08,119.4,1.519213,1.482463,5.96739,1.507761,1.486368,5.962174
122.09,119.41,1.548119,1.481614,5.981893,1.53572,1.485371,5.976995
122.1,119.42,1.579684,1.48149,5.995076,1.565111,1.484608,5.990518
122.11,119.43,1.608115,1.480308,6.008078,1.595237,1.484778,6.00252
122.12,119.44,1.638997,1.479721,6.019835,1.625774,1.484248,6.014485
122.13,119.45,1.670443,1.478351,6.031336,1.656905,1.483153,6.025831
122.14,119.46,1.70049,1.476554,6.041909,1.687972,1.481263,6.036968
122.15,119.47,1.731645,1.475266,6.052078,1.719005,1.479501,6.047123
122.16,119.48,1.762714,1.47456,6.061091,1.749699,1.478577,6.056597
122.17,119.49,1.793049,1.474719,6.06812,1.779094,1.477832,6.064705
122.18,119.5,1.823313,1.474606,6.072734,1.809539,1.477801,6.070742
122.19,119.51,1.854087,1.47391,6.077271,1.841792,1.478241,6.074108
122.2,119.52,1.887395,1.473553,6.080557,1.873484,1.477769,6.077805
122.21,119.53,1.91974,1.471644,6.085024,1.905928,1.476248,6.081633
122.22,119.54,1.952281,1.469165,6.088493,1.938729,1.473899,6.085519
122.23,119.55,1.984151,1.466715,6.091994,1.970717,1.471048,6.089238
122.24,119.56,2.015899,1.464703,6.094603,2.002641,1.469159,6.092546
122.25,119.57,2.046767,1.463264,6.096308,2.033519,1.467733,6.0941
122.26,119.58,2.077608,1.462676,6.095884,2.06341,1.466662,6.095042
122.27,119.59,2.107738,1.46203,6.093693,2.094155,1.46541,6.094151
122.28,119.6,2.139669,1.460126,6.090526,2.125715,1.464356,6.091394
122.29,119.61,2.172788,1.457596,6.087552,2.158387,1.462422,6.087747
122.3,119.62,2.205517,1.453328,6.084405,2.191747,1.458488,6.084233
122.31,119.63,2.237738,1.448599,6.080993,2.223911,1.453787,6.080988
122.32,119.64,2.26992,1.44382,6.077964,2.256612,1.44891,6.077631
122.33,119.65,2.301536,1.43932,6.074216,2.288216,1.444582,6.074939
122.34,119.66,2.331999,1.436427,6.069299,2.318943,1.441068,6.072082
122.35,119.67,2.360943,1.434089,6.063163,2.348935,1.438439,6.067364
122.36,119.68,2.392237,1.431953,6.055418,2.380435,1.436986,6.059619
122.37,119.69,2.423228,1.429072,6.047769,2.411499,1.434431,6.051591
122.38,119.7,2.456148,1.425665,6.039543,2.443592,1.430836,6.043377
122.39,119.71,2.487961,1.420748,6.031199,2.475679,1.426248,6.035123
122.4,119.72,2.518173,1.414741,6.022527,2.507326,1.42067,6.027284
122.41,119.73,2.550906,1.410327,6.014508,2.539083,1.414995,6.019315
122.42,119.74,2.581973,1.40569,6.005983,2.570098,1.410209,6.011215
122.43,119.75,2.612844,1.403328,5.996573,2.599695,1.406224,6.002629
122.44,119.76,2.642049,1.402159,5.986278,2.629785,1.404212,5.992667
122.45,119.77,2.671881,1.398878,5.97406,2.66008,1.402759,5.980256
122.46,119.78,2.70282,1.396958,5.960907,2.691046,1.400993,5.967316
122.47,119.79,2.734504,1.393871,5.948183,2.722234,1.397764,5.954093
122.48,119.8,2.76547,1.388331,5.93488,2.753824,1.392995,5.941009
122.49,119.81,2.796216,1.38204,5.92244,2.785084,1.387435,5.928492
122.5,119.82,2.827535,1.377108,5.909925,2.816622,1.382145,5.916188
122.51,119.83,2.858641,1.373592,5.896982,2.847123,1.378228,5.903628
122.52,119.84,2.887749,1.370963,5.883675,2.876145,1.375104,5.89026
122.53,119.85,2.916254,1.369858,5.869099,2.904816,1.37334,5.876237
122.54,119.86,2.945464,1.369852,5.853179,2.934217,1.372685,5.860445
122.55,119.87,2.974916,1.367454,5.836198,2.964122,1.371778,5.843176
122.56,119.88,3.004801,1.364286,5.818896,2.993808,1.369273,5.825734
122.57,119.89,3.03525,1.360158,5.801994,3.02432,1.36545,5.808342
122.58,119.9,3.066421,1.356363,5.785226,3.054545,1.361074,5.791799
122.59,119.91,3.096616,1.352739,5.768844,3.084987,1.356978,5.775605
122.6,119.92,3.125269,1.349549,5.752116,3.113841,1.353682,5.758954
122.61,119.93,3.153288,1.347843,5.735098,3.141921,1.351997,5.742005
122.62,119.94,3.180631,1.347394,5.716125,3.169318,1.350615,5.724124
122.63,119.95,3.207654,1.348815,5.696671,3.196765,1.351005,5.705188
122.64,119.96,3.234976,1.347896,5.675349,3.224533,1.351565,5.684244
122.65,119.97,3.263217,1.34605,5.65441,3.25248,1.350142,5.662287
122.66,119.98,3.291274,1.34282,5.633103,3.280541,1.347651,5.641473
122.67,119.99,3.320276,1.340465,5.612732,3.309277,1.344274,5.620822
122.68,120,3.348516,1.337503,5.592336,3.337421,1.340877,5.600281
122.69,120.01,3.375364,1.335732,5.571592,3.364587,1.339021,5.579845
122.7,120.02,3.40084,1.334882,5.550266,3.390667,1.338466,5.559283
122.71,120.03,3.425807,1.336641,5.528153,3.415799,1.339059,5.537483
122.72,120.04,3.450345,1.338752,5.507132,3.439836,1.340383,5.514246
122.73,120.05,3.474834,1.338276,5.486657,3.464694,1.341605,5.489904
122.74,120.06,3.497303,1.339401,5.451349,3.488954,1.341685,5.464895
122.75,120.07,3.521786,1.338153,5.424819,3.512651,1.339948,5.439686
122.76,120.08,3.547701,1.335455,5.402938,3.537458,1.337723,5.415301
122.77,120.09,3.5729,1.332447,5.380758,3.564106,1.335422,5.391338
122.78,120.1,3.597468,1.331646,5.355652,3.587902,1.334402,5.367263
122.79,120.11,3.619552,1.332984,5.332067,3.61055,1.334567,5.342943
122.8,120.12,3.640774,1.33496,5.305753,3.63256,1.336572,5.318264
122.81,120.13,3.661103,1.338328,5.279794,3.653433,1.339569,5.291975
122.82,120.14,3.682741,1.340597,5.25243,3.674099,1.342045,5.264418
122.83,120.15,3.703883,1.340737,5.224751,3.695925,1.343217,5.235959
122.84,120.16,3.725159,1.340049,5.196468,3.717341,1.342901,5.208411
122.85,120.17,3.7482,1.339346,5.169374,3.739211,1.342253,5.18115
122.86,120.18,3.769966,1.339089,5.142486,3.761534,1.342067,5.154408
122.87,120.19,3.79194,1.341193,5.117869,3.781839,1.343212,5.127776
122.88,120.2,3.809859,1.343531,5.089535,3.801759,1.345147,5.101487
122.89,120.21,3.826986,1.345802,5.061136,3.820042,1.347811,5.074719
122.9,120.22,3.844096,1.349553,5.032391,3.837435,1.351908,5.04546
122.91,120.23,3.86129,1.3531,5.002694,3.854636,1.356234,5.015639
122.92,120.24,3.878492,1.355575,4.973196,3.871962,1.359096,4.986394
122.93,120.25,3.896702,1.35711,4.94394,3.890338,1.360476,4.956526
122.94,120.26,3.91553,1.358149,4.913944,3.908181,1.361372,4.927421
122.95,120.27,3.932937,1.359283,4.885174,3.926735,1.361846,4.898615
122.96,120.28,3.950769,1.361379,4.856614,3.944035,1.362775,4.870596
122.97,120.29,3.96631,1.36531,4.828883,3.960152,1.365153,4.843099
122.98,120.3,3.980952,1.368344,4.800382,3.97465,1.3692,4.814154
122.99,120.31,3.995243,1.373856,4.771258,3.988694,1.374688,4.784075
123,120.32,4.008641,1.378085,4.740809,4.002433,1.379604,4.753316
123.01,120.33,4.022936,1.381189,4.707561,4.016669,1.383294,4.722414
123.02,120.34,4.037448,1.383167,4.675843,4.031234,1.385212,4.691356
123.03,120.35,4.052308,1.384765,4.644045,4.046361,1.386322,4.660457
123.04,120.36,4.06605,1.386986,4.61446,4.060675,1.387846,4.630915
123.05,120.37,4.078763,1.389055,4.587098,4.073719,1.390878,4.600463
123.06,120.38,4.090988,1.394127,4.554173,4.085157,1.394537,4.570652
123.07,120.39,4.10117,1.399261,4.523866,4.095928,1.399662,4.540851
123.08,120.4,4.110534,1.405408,4.493412,4.10528,1.405119,4.51085
123.09,120.41,4.119565,1.41042,4.463871,4.11447,1.411048,4.479658
123.1,120.42,4.127254,1.41498,4.430609,4.123783,1.415269,4.448095
123.11,120.43,4.136149,1.417941,4.398335,4.133084,1.416758,4.416273
123.12,120.44,4.147327,1.419241,4.367215,4.14301,1.419085,4.383769
123.13,120.45,4.156782,1.419856,4.339308,4.152671,1.421497,4.351975
123.14,120.46,4.166214,1.424679,4.304802,4.162128,1.424912,4.32129
123.15,120.47,4.173822,1.429292,4.274589,4.169461,1.429327,4.291449
123.16,120.48,4.179574,1.433666,4.248189,4.175685,1.43449,4.261618
123.17,120.49,4.184639,1.439376,4.225222,4.180573,1.44003,4.231334
123.18,120.5,4.184601,1.448488,4.178377,4.184036,1.44725,4.195868
123.19,120.51,4.190749,1.452082,4.148008,4.187697,1.451647,4.16444
123.2,120.52,4.196862,1.453836,4.117317,4.1933,1.455158,4.131794
123.21,120.53,4.20267,1.454756,4.086407,4.199271,1.457453,4.098919
123.22,120.54,4.20806,1.458454,4.050845,4.2052,1.45933,4.067295
123.23,120.55,4.211372,1.462337,4.018761,4.21031,1.461097,4.036788
123.24,120.56,4.216223,1.464854,3.994734,4.216191,1.463364,4.006595
123.25,120.57,4.218032,1.469747,3.963605,4.217786,1.467836,3.975501
123.26,120.58,4.218093,1.474045,3.933618,4.215285,1.474596,3.944234
123.27,120.59,4.218498,1.480286,3.900969,4.215707,1.481261,3.913258
123.28,120.6,4.218331,1.485592,3.868846,4.215882,1.487277,3.879458
123.29,120.61,4.217676,1.488617,3.839426,4.215917,1.491107,3.847452
