Frame,,,Time,X1,Y1,Z1,X2,Y2,Z2
232,4.11,4.106,2.32,0.887522,1.155731,5.934754,0.884112,1.159439,5.94693
233,4.12,4.116,2.33,0.905823,1.160706,5.916831,0.901719,1.162703,5.928883
234,4.13,4.126,2.34,0.924572,1.164359,5.898618,0.918559,1.165149,5.909765
235,4.14,4.136,2.35,0.945235,1.162778,5.877757,0.934474,1.162763,5.888815
236,4.15,4.146,2.36,0.964741,1.157454,5.855732,0.958426,1.159675,5.867038
237,4.16,4.156,2.37,0.985956,1.151336,5.83383,0.97993,1.154409,5.845025
238,4.17,4.166,2.38,1.007211,1.14714,5.812918,1.000893,1.150481,5.823898
239,4.18,4.176,2.39,1.026181,1.147151,5.793549,1.017972,1.149269,5.80439
240,4.19,4.186,2.4,1.044127,1.149752,5.775485,1.033454,1.149125,5.785697
241,4.2,4.196,2.41,1.061489,1.153199,5.758452,1.05195,1.151374,5.768277
242,4.21,4.206,2.42,1.081384,1.158353,5.742482,1.072065,1.156111,5.752849
243,4.22,4.216,2.43,1.103032,1.164704,5.726735,1.093566,1.161181,5.736572
244,4.23,4.226,2.44,1.127643,1.167669,5.708532,1.117018,1.165368,5.717394
245,4.24,4.236,2.45,1.1527,1.16714,5.689335,1.142098,1.166756,5.698604
246,4.25,4.246,2.46,1.180882,1.164672,5.670836,1.167889,1.165478,5.679613
247,4.26,4.256,2.47,1.20418,1.160721,5.652349,1.193014,1.16399,5.660419
248,4.27,4.266,2.48,1.227264,1.160408,5.633877,1.217143,1.16452,5.641943
249,4.28,4.276,2.49,1.250308,1.163267,5.617734,1.239171,1.167011,5.625023
250,4.29,4.286,2.5,1.272439,1.168748,5.602623,1.260772,1.170707,5.609075
251,4.3,4.296,2.51,1.294835,1.175323,5.588633,1.283266,1.176137,5.595981
252,4.31,4.306,2.52,1.317786,1.183349,5.575741,1.30613,1.182726,5.582935
253,4.32,4.316,2.53,1.342526,1.19172,5.562495,1.330779,1.190456,5.569488
254,4.33,4.326,2.54,1.369432,1.196649,5.547818,1.357507,1.196428,5.554747
255,4.34,4.336,2.55,1.397308,1.198307,5.531901,1.385759,1.199021,5.539972
256,4.35,4.346,2.56,1.425618,1.197449,5.516318,1.414737,1.199438,5.524302
257,4.36,4.356,2.57,1.454657,1.19588,5.500774,1.443845,1.199221,5.509031
258,4.37,4.366,2.58,1.481685,1.197334,5.48504,1.471499,1.201183,5.493848
259,4.38,4.376,2.59,1.506514,1.202442,5.470451,1.496409,1.205114,5.479603
260,4.39,4.386,2.6,1.5301,1.210228,5.456903,1.520464,1.211044,5.466425
261,4.4,4.396,2.61,1.553665,1.218893,5.444862,1.544384,1.21839,5.454824
262,4.41,4.406,2.62,1.577327,1.229405,5.433406,1.567824,1.227699,5.443554
263,4.42,4.416,2.63,1.601748,1.24023,5.421308,1.591652,1.237046,5.430513
264,4.43,4.426,2.64,1.629561,1.246073,5.407133,1.618549,1.244719,5.41609
265,4.44,4.436,2.65,1.658564,1.250071,5.392903,1.647969,1.250486,5.401814
266,4.45,4.446,2.66,1.68809,1.251943,5.379288,1.677235,1.253685,5.388703
267,4.46,4.456,2.67,1.718401,1.255266,5.369617,1.708037,1.256931,5.379049
268,4.47,4.466,2.68,1.744309,1.263152,5.356629,1.737012,1.262508,5.36702
269,4.48,4.476,2.69,1.764692,1.266042,5.333974,1.753941,1.266485,5.343313
270,4.49,4.486,2.7,1.792754,1.278939,5.330674,1.782354,1.274965,5.34014
271,4.5,4.496,2.71,1.826623,1.277038,5.329074,1.815785,1.272802,5.335567
272,4.51,4.506,2.72,1.842505,1.294344,5.308304,1.83515,1.290319,5.31785
273,4.52,4.516,2.73,1.862227,1.281428,5.284775,1.850435,1.287639,5.286826
274,4.53,4.526,2.74,1.886733,1.305511,5.276001,,,
275,4.54,4.536,2.75,1.923738,1.297964,5.275648,,,
276,4.55,4.546,2.76,1.940533,1.315383,5.259617,,,
277,4.56,4.556,2.77,1.944562,1.313998,5.235236,,,
278,4.57,4.566,2.78,1.980655,1.323436,5.224208,,,
279,4.58,4.576,2.79,2.00975,1.322636,5.22068,,,
280,4.59,4.586,2.8,2.028265,1.327372,5.198754,,,
281,4.6,4.596,2.81,2.04959,1.326223,5.187216,,,
282,4.61,4.606,2.82,2.071733,1.330105,5.178003,2.060942,1.331317,5.185841
283,4.62,4.616,2.83,2.090345,1.329142,5.159595,2.08067,1.332646,5.168961
284,4.63,4.626,2.84,2.11244,1.32797,5.148238,2.101351,1.331979,5.154894
285,4.64,4.636,2.85,2.133944,1.331674,5.135009,2.122752,1.33309,5.14238
286,4.65,4.646,2.86,2.155854,1.328886,5.122834,2.144208,1.330152,5.130288
287,4.66,4.656,2.87,2.179039,1.321092,5.110063,2.167922,1.323898,5.11768
288,4.67,4.666,2.88,2.202098,1.311325,5.098167,2.191658,1.316268,5.105746
289,4.68,4.676,2.89,2.221427,1.305583,5.085714,2.212442,1.311352,5.09411
290,4.69,4.686,2.9,2.239141,1.306845,5.070566,2.229859,1.310727,5.079944
291,4.7,4.696,2.91,2.252976,1.310211,5.05221,2.244435,1.312763,5.062538
292,4.71,4.706,2.92,2.267556,1.313229,5.032937,2.259666,1.31475,5.043959
293,4.72,4.716,2.93,2.285767,1.311945,5.014814,2.276826,1.313078,5.025575
294,4.73,4.726,2.94,2.306921,1.307483,4.997881,2.297684,1.308776,5.008623
295,4.74,4.736,2.95,2.328204,1.302049,4.980854,2.320007,1.304615,4.991848
296,4.75,4.746,2.96,2.347912,1.297417,4.963824,2.340088,1.300298,4.974839
297,4.76,4.756,2.97,2.364662,1.294881,4.946295,2.357944,1.29739,4.957801
298,4.77,4.766,2.98,2.379022,1.294304,4.928658,2.372462,1.295569,4.940832
299,4.78,4.776,2.99,2.391236,1.294813,4.911635,2.385367,1.294899,4.924056
300,4.79,4.786,3,2.402687,1.296937,4.894103,2.396965,1.296127,4.906534
301,4.8,4.796,3.01,2.413748,1.299939,4.874925,2.40804,1.298351,4.887156
302,4.81,4.806,3.02,2.428269,1.299622,4.853833,2.421325,1.298762,4.865802
303,4.82,4.816,3.03,2.444449,1.296131,4.832056,2.437214,1.296864,4.843944
304,4.83,4.826,3.04,2.462392,1.290897,4.809814,2.455232,1.294105,4.821551
305,4.84,4.836,3.05,2.480696,1.285295,4.787171,2.4738,1.290155,4.798425
306,4.85,4.846,3.06,2.496766,1.280055,4.765163,2.490191,1.286472,4.775504
307,4.86,4.856,3.07,2.509732,1.277922,4.743493,2.504124,1.284008,4.754272
308,4.87,4.866,3.08,2.521024,1.278304,4.721958,2.516417,1.282777,4.733402
309,4.88,4.876,3.09,2.530233,1.279251,4.700306,2.526518,1.282543,4.712438
310,4.89,4.886,3.1,2.538748,1.280707,4.679192,2.535848,1.283735,4.692175
311,4.9,4.896,3.11,2.547637,1.283348,4.65775,2.545046,1.285435,4.670946
312,4.91,4.906,3.12,2.557967,1.285939,4.634177,2.555295,1.287642,4.647017
313,4.92,4.916,3.13,2.571798,1.285225,4.60762,2.567055,1.288287,4.619989
314,4.93,4.926,3.14,2.58493,1.281653,4.581294,2.579299,1.286637,4.592822
315,4.94,4.936,3.15,2.598722,1.276064,4.555547,2.593384,1.281734,4.566687
316,4.95,4.946,3.16,2.612456,1.270098,4.529552,2.607793,1.276696,4.540713
317,4.96,4.956,3.17,2.624643,1.265681,4.503928,2.620634,1.272739,4.514809
318,4.97,4.966,3.18,2.634414,1.264169,4.478413,2.631319,1.270469,4.489973
319,4.98,4.976,3.19,2.642755,1.264585,4.453222,2.641218,1.269242,4.466152
320,4.99,4.986,3.2,2.650846,1.265518,4.428618,2.6496,1.26895,4.441974
321,5,4.996,3.21,2.657937,1.267704,4.403852,2.657489,1.269668,4.41707
322,5.01,5.006,3.22,2.66432,1.270567,4.377959,2.664164,1.271934,4.391034
323,5.02,5.016,3.23,2.671362,1.272167,4.349164,2.671798,1.272507,4.36261
324,5.03,5.026,3.24,2.680939,1.270416,4.318425,2.68012,1.273041,4.331447
325,5.04,5.036,3.25,2.691219,1.265913,4.287914,2.68937,1.270192,4.300941
326,5.05,5.046,3.26,2.70184,1.260405,4.257734,2.699379,1.265873,4.270338
327,5.06,5.056,3.27,2.711898,1.254375,4.22804,2.709726,1.260779,4.239938
328,5.07,5.066,3.28,2.720412,1.249515,4.198643,2.718803,1.256143,4.210616
329,5.08,5.076,3.29,2.726601,1.247877,4.169704,2.726232,1.253527,4.182208
330,5.09,5.086,3.3,2.731498,1.248578,4.141398,2.732638,1.253198,4.154302
331,5.1,5.096,3.31,2.735777,1.251019,4.113567,2.738125,1.254345,4.126378
332,5.11,5.106,3.32,2.739004,1.2553,4.08536,2.742068,1.257693,4.098424
333,5.12,5.116,3.33,2.741694,1.259124,4.055785,2.744994,1.26059,4.068946
334,5.13,5.126,3.34,2.746571,1.259027,4.023475,2.749066,1.261916,4.036579
335,5.14,5.136,3.35,2.753371,1.25471,3.99037,2.753948,1.259213,4.003599
336,5.15,5.146,3.36,2.76108,1.248768,3.95772,2.76089,1.254253,3.970062
337,5.16,5.156,3.37,2.767224,1.243282,3.925337,2.766303,1.250173,3.937161
338,5.17,5.166,3.38,2.770493,1.240866,3.893924,2.769187,1.248841,3.905375
339,5.18,5.176,3.39,2.771336,1.242812,3.862895,2.771047,1.249752,3.875018
340,5.19,5.186,3.4,2.771844,1.247949,3.832939,2.772734,1.253245,3.845912
341,5.2,5.196,3.41,2.771875,1.256383,3.803345,2.773276,1.259614,3.816807
342,5.21,5.206,3.42,2.769569,1.266276,3.772887,2.771873,1.266009,3.786375
343,5.22,5.216,3.43,2.766335,1.270707,3.740749,2.769121,1.271217,3.753982
344,5.23,5.226,3.44,2.76669,1.269565,3.704383,2.768551,1.271213,3.718516
345,5.24,5.236,3.45,2.770598,1.266943,3.667935,2.768242,1.270706,3.682275
346,5.25,5.246,3.46,2.773234,1.266666,3.632457,2.775482,1.271234,3.644728
347,5.26,5.256,3.47,2.771111,1.268794,3.598981,2.775021,1.272942,3.611084
348,5.27,5.266,3.48,2.765448,1.273316,3.568288,2.771525,1.276128,3.580076
349,5.28,5.276,3.49,2.7575,1.279239,3.538703,2.765469,1.281108,3.550264
350,5.29,5.286,3.5,2.748132,1.28716,3.510581,2.756598,1.287999,3.521129
351,5.3,5.296,3.51,2.738222,1.296084,3.482293,2.746922,1.295316,3.492815
352,5.31,5.306,3.52,2.728484,1.30266,3.453401,2.737153,1.301067,3.461162
353,5.32,5.316,3.53,2.720153,1.304981,3.415313,2.727796,1.305254,3.426891
354,5.33,5.326,3.54,2.712766,1.306695,3.379439,2.719471,1.307932,3.391238
355,5.34,5.336,3.55,2.704351,1.308087,3.345603,2.711536,1.309855,3.357016
356,5.35,5.346,3.56,2.695682,1.31113,3.313925,2.701922,1.312934,3.325809
357,5.36,5.356,3.57,2.683109,1.317451,3.286241,2.689677,1.317907,3.297481
358,5.37,5.366,3.58,2.671451,1.324228,3.25884,2.677943,1.323941,3.270312
359,5.38,5.376,3.59,2.659268,1.332514,3.232602,2.666766,1.331594,3.243855
360,5.39,5.386,3.6,2.646851,1.34344,3.206636,2.655469,1.341429,3.217392
361,5.4,5.396,3.61,2.633901,1.354566,3.179035,2.642518,1.351376,3.189754
362,5.41,5.406,3.62,2.620124,1.361973,3.149372,2.628211,1.359686,3.160645
363,5.42,5.416,3.63,2.60663,1.367743,3.118804,2.613838,1.365668,3.130071
364,5.43,5.426,3.64,2.591961,1.370814,3.086735,2.599154,1.370358,3.098396
365,5.44,5.436,3.65,2.577202,1.373064,3.055392,2.584409,1.374051,3.067504
366,5.45,5.446,3.66,2.562222,1.376761,3.026578,2.570555,1.378479,3.037796
367,5.46,5.456,3.67,2.548131,1.38408,2.999687,2.557435,1.38448,3.010404
368,5.47,5.466,3.68,2.535491,1.393006,2.974046,2.545011,1.391931,2.98483
369,5.48,5.476,3.69,2.52478,1.402969,2.948699,2.533778,1.400669,2.959133
370,5.49,5.486,3.7,2.514566,1.41527,2.92382,2.523271,1.411952,2.934761
371,5.5,5.496,3.71,2.504112,1.429203,2.898463,2.512399,1.425298,2.9096
372,5.51,5.506,3.72,2.492149,1.441345,2.870928,2.499915,1.438262,2.882891
373,5.52,5.516,3.73,2.479492,1.450087,2.841852,2.486566,1.448479,2.854142
374,5.53,5.526,3.74,2.466633,1.45639,2.812156,2.473904,1.455772,2.824171
375,5.54,5.536,3.75,2.453293,1.46245,2.782387,2.460675,1.462824,2.794499
376,5.55,5.546,3.76,2.440481,1.468899,2.754854,2.447712,1.470902,2.767022
377,5.56,5.556,3.77,2.430536,1.478285,2.728752,2.436285,1.479215,2.741328
378,5.57,5.566,3.78,2.421714,1.48937,2.703788,2.428113,1.489593,2.716247
379,5.58,5.576,3.79,2.416475,1.502687,2.67883,2.420952,1.501617,2.691415
380,5.59,5.586,3.8,2.411102,1.517976,2.655088,2.415123,1.515949,2.667744
381,5.6,5.596,3.81,2.407634,1.534165,2.630862,2.410721,1.530632,2.643796
382,5.61,5.606,3.82,2.403452,1.547158,2.604587,2.407156,1.544075,2.617361
383,5.62,5.616,3.83,2.398861,1.557861,2.576463,2.402214,1.555316,2.589576
384,5.63,5.626,3.84,2.392379,1.566792,2.547991,2.395121,1.564666,2.561347
385,5.64,5.636,3.85,2.386326,1.574344,2.519786,2.387175,1.573621,2.532493
386,5.65,5.646,3.86,2.378166,1.582,2.492077,2.380747,1.582563,2.504995
387,5.66,5.656,3.87,2.372903,1.590605,2.465852,2.375884,1.591889,2.479638
388,5.67,5.666,3.88,2.37039,1.601158,2.441228,2.371317,1.60062,2.455394
389,5.68,5.676,3.89,2.368372,1.612287,2.418325,2.368483,1.610566,2.431774
390,5.69,5.686,3.9,2.367066,1.624298,2.395277,2.367908,1.622018,2.408765
391,5.7,5.696,3.91,2.368578,1.637728,2.372656,2.368212,1.634152,2.385868
392,5.71,5.706,3.92,2.369069,1.650812,2.34956,2.369202,1.646309,2.362186
393,5.72,5.716,3.93,2.371117,1.661777,2.323631,2.369185,1.657487,2.336646
394,5.73,5.726,3.94,2.37069,1.669423,2.295738,2.370509,1.667008,2.309143
395,5.74,5.736,3.95,2.369771,1.675535,2.267731,2.370662,1.674161,2.281159
396,5.75,5.746,3.96,2.369039,1.680782,2.239404,2.369782,1.680042,2.252927
397,5.76,5.756,3.97,2.369241,1.685348,2.211529,2.369001,1.686397,2.225576
398,5.77,5.766,3.98,2.369597,1.691259,2.185711,2.368153,1.692694,2.199682
399,5.78,5.776,3.99,2.370865,1.699027,2.162036,2.368463,1.699111,2.175504
400,5.79,5.786,4,2.37421,1.70771,2.138872,2.369745,1.706455,2.152546
401,5.8,5.796,4.01,2.376236,1.717165,2.116951,2.372169,1.714836,2.130416
402,5.81,5.806,4.02,2.380568,1.7278,2.095905,2.377437,1.725037,2.10903
403,5.82,5.816,4.03,2.38507,1.738858,2.074169,2.382026,1.735476,2.087204
404,5.83,5.826,4.04,2.389448,1.747801,2.04984,2.385919,1.745176,2.062452
405,5.84,5.836,4.05,2.393373,1.753504,2.022747,2.392085,1.753143,2.03584
406,5.85,5.846,4.06,2.399711,1.756686,1.994969,2.39814,1.75761,2.008862
407,5.86,5.856,4.07,2.40393,1.75749,1.968487,2.403029,1.759972,1.981526
408,5.87,5.866,4.08,2.409275,1.758854,1.941635,2.40865,1.76265,1.954752
409,5.88,5.876,4.09,2.414144,1.762124,1.916451,2.412755,1.766291,1.929682
410,5.89,5.886,4.1,2.419657,1.767564,1.892954,2.417021,1.771117,1.905977
411,5.9,5.896,4.11,2.425215,1.774121,1.870224,2.422011,1.775889,1.882813
412,5.91,5.906,4.12,2.43026,1.781313,1.8469,2.426722,1.78224,1.860595
413,5.92,5.916,4.13,2.434649,1.790223,1.824722,2.431761,1.790735,1.838195
414,5.93,5.926,4.14,2.439772,1.799906,1.80247,2.436856,1.799654,1.815907
415,5.94,5.936,4.15,2.445288,1.808625,1.778917,2.442433,1.80763,1.791806
416,5.95,5.946,4.16,2.45272,1.813916,1.752366,2.449118,1.813954,1.765704
417,5.96,5.956,4.17,2.458719,1.816238,1.725144,2.4561,1.817357,1.738502
418,5.97,5.966,4.18,2.465825,1.816387,1.697681,2.463674,1.818313,1.710763
419,5.98,5.976,4.19,2.472478,1.814422,1.669524,2.471702,1.817873,1.683245
420,5.99,5.986,4.2,2.479558,1.813861,1.642518,2.478631,1.818579,1.655608
421,6,5.996,4.21,2.48646,1.81596,1.617128,2.485694,1.819825,1.630051
422,6.01,6.006,4.22,2.492471,1.819749,1.592735,2.491502,1.821935,1.60627
423,6.02,6.016,4.23,2.497771,1.82413,1.568782,2.497649,1.825277,1.58246
424,6.03,6.026,4.24,2.503276,1.829608,1.544713,2.503257,1.829724,1.558658
425,6.04,6.036,4.25,2.509648,1.836262,1.521229,2.509577,1.835868,1.534979
426,6.05,6.046,4.26,2.516847,1.843456,1.497393,2.516139,1.842722,1.51117
427,6.06,6.056,4.27,2.5251,1.849501,1.472232,2.523187,1.848595,1.4853
428,6.07,6.066,4.28,2.534374,1.852229,1.44465,2.531587,1.853045,1.457726
429,6.08,6.076,4.29,2.543079,1.853026,1.416988,2.539614,1.854898,1.429893
430,6.09,6.086,4.3,2.550861,1.851754,1.388577,2.547801,1.854147,1.402079
431,6.1,6.096,4.31,2.558373,1.849766,1.360613,2.555575,1.853381,1.373821
432,6.11,6.106,4.32,2.566051,1.849412,1.333983,2.56349,1.853884,1.346693
433,6.12,6.116,4.33,2.572819,1.851847,1.308774,2.570984,1.855412,1.321905
434,6.13,6.126,4.34,2.581527,1.856413,1.28509,2.577926,1.8578,1.298445
435,6.14,6.136,4.35,2.590177,1.86202,1.262054,2.585518,1.861746,1.27618
436,6.15,6.146,4.36,2.598937,1.868221,1.239511,2.594326,1.867708,1.252607
437,6.16,6.156,4.37,2.609518,1.874908,1.216831,2.604292,1.874085,1.229527
438,6.17,6.166,4.38,2.621358,1.880388,1.192316,2.615596,1.879518,1.204719
439,6.18,6.176,4.39,2.633147,1.881786,1.165105,2.628178,1.882798,1.177769
440,6.19,6.186,4.4,2.644626,1.881888,1.137447,2.64054,1.8839,1.150633
441,6.2,6.196,4.41,2.655144,1.88143,1.1102,2.651517,1.884101,1.123331
442,6.21,6.206,4.42,2.666338,1.881001,1.083307,2.662278,1.884439,1.096336
443,6.22,6.216,4.43,2.677433,1.882111,1.058342,2.673357,1.885469,1.071303
444,6.23,6.226,4.44,2.689974,1.88563,1.035612,2.684431,1.886749,1.048206
445,6.24,6.236,4.45,2.701945,1.889988,1.013904,2.695798,1.88944,1.026303
446,6.25,6.246,4.46,2.715249,1.894845,0.993348,2.708539,1.893181,1.005377
447,6.26,6.256,4.47,2.729657,1.900276,0.973311,2.722704,1.898324,0.984949
448,6.27,6.266,4.48,2.744925,1.905734,0.952971,2.73761,1.903429,0.964238
449,6.28,6.276,4.49,2.761085,1.90923,0.93018,2.753327,1.908291,0.941502
450,6.29,6.286,4.5,2.77705,1.910282,0.905288,2.770173,1.911313,0.917126
451,6.3,6.296,4.51,2.794376,1.909671,0.881647,2.787708,1.911459,0.893776
452,6.31,6.306,4.52,2.811225,1.908558,0.859123,2.804907,1.911111,0.871362
453,6.32,6.316,4.53,2.827521,1.908056,0.837372,2.820385,1.910925,0.849167
