Time (Seconds),Unnamed: 1,X1,Y1,Z1,X2,Y2,Z2,Pxy,Pxz
165.93,163.44,0.929362,0.87742,5.282265,0.931691,0.883027,5.301109,-97.04566817707541,-112.55671033061383
165.94,163.45,0.932693,0.862706,5.253398,0.929472,0.871306,5.266527,-76.21560674956984,-69.46732203431661
165.95,163.46,0.938941,0.848881,5.214011,0.93568,0.855014,5.226348,-75.1938183506623,-61.99981023322735
165.96,163.47,0.944083,0.834418,5.176888,0.94033,0.840255,5.189186,-73.02930080047642,-57.260308928424124
165.97,163.48,0.945383,0.81959,5.146291,0.949823,0.819711,5.139717,124.03461529484322,-178.438947344142
165.98,163.49,0.955407,0.805014,5.101868,0.950729,0.807897,5.112254,-65.75253089133402,-31.645071900050542
165.99,163.5,0.961349,0.792406,5.064561,0.957025,0.79758,5.077046,-70.8972089371044,-50.113920687820205
166.0,163.51,0.968034,0.781812,5.026466,0.96427,0.786471,5.039127,-73.44326575024334,-51.065300803293844
166.01,163.52,0.976332,0.773056,4.987745,0.972557,0.777836,5.000486,-73.49609795582721,-51.70012203632307
166.02,163.53,0.98507,0.76484,4.948319,0.981883,0.769269,4.961106,-76.0048816819268,-54.262133243786714
166.03,163.54,0.993603,0.755508,4.911967,0.991115,0.759145,4.921891,-75.92572596145945,-55.62473834430122
166.04,163.55,1.004176,0.743136,4.871668,1.00083,0.747216,4.881224,-70.70247607566671,-50.64488874944065
166.05,163.56,1.015621,0.72923,4.830134,1.011162,0.734847,4.842429,-70.06592467912346,-51.55604338159132
166.06,163.57,1.025899,0.716827,4.791312,1.021628,0.723841,4.806957,-74.73062769080752,-58.66171965855253
166.07,163.58,1.036026,0.705393,4.751322,1.03169,0.710641,4.763806,-70.8466292611797,-50.43581806430012
166.08,163.59,1.046431,0.69562,4.711614,1.041602,0.701184,4.724514,-69.47706049789888,-49.04526130007629
166.09,163.6,1.057175,0.687943,4.672381,1.052738,0.693069,4.684886,-70.46439524776639,-49.12095536775828
166.1,163.61,1.06843,0.682008,4.63237,1.063761,0.686558,4.645158,-69.94246193573031,-44.260460015410025
166.11,163.62,1.080491,0.677503,4.5917,1.076738,0.681193,4.604436,-73.58099317025955,-44.515041259019625
166.12,163.63,1.093696,0.6708,4.550688,1.08923,0.675107,4.563635,-70.96839330479123,-43.9616970618017
166.13,163.64,1.107303,0.663036,4.510102,1.102155,0.667005,4.522921,-68.12003039417249,-37.6314693574332
166.14,163.65,1.121328,0.654368,4.469685,1.116032,0.657598,4.482349,-67.30564492958298,-31.378775378989996
166.15,163.66,1.135085,0.645006,4.429152,1.129676,0.648277,4.441912,-67.02777514093975,-31.162731796470972
166.16,163.67,1.14815,0.636063,4.38811,1.143098,0.639561,4.40142,-69.21502912792793,-34.69869183663973
166.17,163.68,1.160848,0.628661,4.347297,1.15622,0.631952,4.360513,-70.70068499384742,-35.416872556773626
166.18,163.69,1.173816,0.62333,4.306247,1.169212,0.626457,4.319729,-71.14535597029,-34.18403365139232
166.19,163.7,1.186984,0.619688,4.26564,1.182742,0.622553,4.278973,-72.35111740738762,-34.03465762379647
166.2,163.71,1.200865,0.61796,4.224196,1.196134,0.620486,4.237866,-70.9099630300716,-28.098880962256967
166.21,163.72,1.214071,0.615528,4.182831,1.209739,0.618227,4.1965,-72.41547196106202,-31.924468784358453
166.22,163.73,1.22795,0.61171,4.140987,1.223581,0.614402,4.154366,-71.91521200934652,-31.639685541072655
166.23,163.74,1.242429,0.606396,4.098587,1.237673,0.60935,4.11196,-70.42247903160965,-31.84483655401209
166.24,163.75,1.256418,0.600093,4.057435,1.251956,0.602792,4.070229,-70.77341307027493,-31.169143884213753
166.25,163.76,1.270833,0.594331,4.015784,1.266,0.596506,4.029039,-69.9672783438632,-24.22922410952618
166.26,163.77,1.284938,0.589017,3.973785,1.28011,0.591291,3.987465,-70.56084149526974,-25.220552141394563
166.27,163.78,1.299088,0.585501,3.932375,1.294272,0.587412,3.945992,-70.52255794355328,-21.643293085271523
166.28,163.79,1.312721,0.58395,3.891352,1.307994,0.585707,3.90489,-70.75256982951372,-20.389824495316464
166.29,163.8,1.326117,0.584555,3.849628,1.321751,0.585952,3.863264,-72.24587634290255,-17.743243111364364
166.3,163.81,1.339214,0.586499,3.807589,1.334975,0.587994,3.821248,-72.75854060106059,-19.426600550897373
166.31,163.82,1.352459,0.587282,3.764771,1.34823,0.588814,3.778578,-72.97049262095562,-19.913455296140786
166.32,163.83,1.366462,0.586106,3.721969,1.361929,0.588156,3.735637,-71.65186861697806,-24.33434443646644
166.33,163.84,1.380691,0.583125,3.678677,1.376278,0.585923,3.691978,-71.64521039749809,-32.3761605547606
166.34,163.85,1.394847,0.579847,3.635828,1.390331,0.582764,3.649493,-71.71234724692799,-32.85945220511996
166.35,163.86,1.408741,0.577392,3.594129,1.404066,0.579403,3.607971,-71.33810646122413,-23.27546183691057
166.36,163.87,1.422709,0.576209,3.551947,1.417991,0.578343,3.565918,-71.34019917253626,-24.337729508576828
166.37,163.88,1.435778,0.575974,3.510701,1.431434,0.578158,3.523756,-71.59533922796558,-26.691531721105427
166.38,163.89,1.449532,0.578067,3.469107,1.444879,0.579814,3.482622,-71.00222742707783,-20.57898241962374
166.39,163.9,1.462343,0.582373,3.427722,1.458186,0.583806,3.441122,-72.76486177348005,-19.020083880356022
166.4,163.91,1.475638,0.587718,3.385447,1.471099,0.588794,3.398919,-71.38024727942035,-13.336168690461225
166.41,163.92,1.489281,0.591319,3.342756,1.483904,0.592186,3.356122,-68.08560016896914,-9.159666886233978
166.42,163.93,1.503231,0.593497,3.300196,1.497616,0.594041,3.313324,-66.84303468554285,-5.533736158454798
166.43,163.94,1.517407,0.593477,3.256725,1.511197,0.594706,3.26938,-63.862114391314314,-11.194556513348415
166.44,163.95,1.531071,0.592851,3.213947,1.525308,0.594862,3.22682,-65.88283519360407,-19.236443713343714
166.45,163.96,1.544456,0.592984,3.171656,1.538725,0.595304,3.184298,-65.61377928029523,-22.03888575293763
166.46,163.97,1.556961,0.595405,3.129939,1.551584,0.597784,3.142864,-67.41193367897125,-23.866516234332263
166.47,163.98,1.568832,0.60033,3.088247,1.563736,0.601673,3.101739,-69.30818304518273,-14.76403766964209
166.48,163.99,1.580845,0.606547,3.047786,1.575874,0.6075,3.060947,-69.30810510727372,-10.852606066554163
166.49,164.0,1.593056,0.615632,3.006306,1.588154,0.615732,3.019813,-70.05300461657423,-1.1686624551949858
166.5,164.01,1.60498,0.623213,2.964469,1.599856,0.623475,2.977864,-69.06660824603065,-2.927094521622827
166.51,164.02,1.616669,0.629398,2.921789,1.611683,0.629625,2.935489,-70.00144842410627,-2.6067322389381866
166.52,164.03,1.628789,0.633859,2.880064,1.623472,0.633791,2.892996,-67.64995457402016,0.7327253353449484
166.53,164.04,1.640757,0.636512,2.837472,1.63581,0.637366,2.850814,-69.65602600308699,-9.794429864477454
166.54,164.05,1.651603,0.638421,2.795874,1.648337,0.64063,2.808654,-75.66456458048017,-34.07294724117607
166.55,164.06,1.663154,0.641653,2.754263,1.659819,0.643898,2.766833,-75.14095102239901,-33.94699755048191
166.56,164.07,1.674817,0.646631,2.713066,1.671301,0.648744,2.725708,-74.4576580186035,-31.00447847227636
166.57,164.08,1.686223,0.653652,2.671974,1.682771,0.655208,2.685169,-75.33918472852977,-24.263622445082895
166.58,164.09,1.69785,0.662623,2.631632,1.694156,0.663378,2.644996,-74.54844270769995,-11.55133328959355
166.59,164.1,1.708481,0.673142,2.591547,1.705177,0.673522,2.604575,-75.76938008439573,-6.560880999303847
166.6,164.11,1.717626,0.681864,2.552963,1.715822,0.683572,2.564236,-80.90813726181555,-43.43421825373907
166.61,164.12,1.725455,0.68926,2.513843,1.727272,0.692279,2.523066,-101.14497387170569,-121.04183892442202
166.62,164.13,1.73867,0.697146,2.469791,1.738994,0.699465,2.480938,-91.66489704793082,-97.95361654672767
166.63,164.14,1.753827,0.704024,2.425022,1.750692,0.70459,2.439185,-77.518747044324,-10.234065296402141
166.64,164.15,1.765539,0.709403,2.384467,1.762094,0.709173,2.398763,-76.45137645716265,3.8195941271647023
166.65,164.16,1.777205,0.715363,2.344482,1.773061,0.714276,2.358593,-73.63398416094583,14.697955484572399
166.66,164.17,1.787999,0.722177,2.30486,1.784388,0.72131,2.318901,-75.57747716265597,13.501134183778586
166.67,164.18,1.798304,0.730518,2.266122,1.795314,0.729694,2.279635,-77.52328057342993,15.407423170812283
166.68,164.19,1.807811,0.740767,2.227649,1.804857,0.740079,2.240679,-77.22652687299852,13.110720372434463
166.69,164.2,1.816563,0.750498,2.191842,1.815133,0.752182,2.201973,-81.96572446460583,-49.66312822603902
166.7,164.21,1.826184,0.76026,2.156117,1.82525,0.764031,2.16225,-81.34090798745984,-76.08895000763296
166.71,164.22,1.839087,0.775215,2.108455,1.835259,0.774572,2.122132,-74.36381377638995,9.53512185481697
166.72,164.23,1.850078,0.783013,2.067506,1.846314,0.783016,2.081048,-74.46672433199302,-0.04566612703166365
166.73,164.24,1.860836,0.789166,2.027293,1.857911,0.790175,2.040799,-77.78014506330959,-19.03224622691483
166.74,164.25,1.871895,0.795428,1.987425,1.869078,0.796988,2.000937,-78.22358335862228,-28.976834108587664
166.75,164.26,1.882653,0.803883,1.948994,1.879824,0.804406,1.962456,-78.13214995444334,-10.474070259425298
166.76,164.27,1.892475,0.813274,1.911776,1.889928,0.813153,1.925083,-79.16446660172393,2.719898244398929
166.77,164.28,1.901359,0.822592,1.876797,1.899632,0.8239,1.887953,-81.2002008587263,-37.13965975472114
166.78,164.29,1.911836,0.837936,1.837211,1.909131,0.836511,1.851259,-79.10085893362611,27.780360913627394
166.79,164.3,1.920274,0.852039,1.800033,1.917783,0.850592,1.814096,-79.95530167397978,30.1519273495363
166.8,164.31,1.928528,0.864914,1.762324,1.925908,0.863478,1.776306,-79.38677767023307,28.72677746863509
166.81,164.32,1.937357,0.875808,1.724218,1.934016,0.87472,1.73786,-76.23881057108547,18.037891456517748
166.82,164.33,1.946364,0.885437,1.685846,1.94311,0.883664,1.699501,-76.59634656289383,28.58454625952676
166.83,164.34,1.95566,0.894588,1.648254,1.952227,0.892655,1.661549,-75.52149488950275,29.38231170464669
166.84,164.35,1.965171,0.90527,1.61204,1.961562,0.901862,1.625248,-74.71735554264026,43.35922710479165
166.85,164.36,1.973899,0.917171,1.577976,1.969836,0.911834,1.590403,-71.89487521196918,52.718376642738725
166.86,164.37,1.982087,0.929935,1.542709,1.978066,0.924834,1.555206,-72.16404574198542,51.752106986075916
166.87,164.38,1.989674,0.943916,1.507945,1.98638,0.939793,1.520347,-75.12553171199504,51.37749478432872
166.88,164.39,1.997325,0.959215,1.472972,1.994827,0.955618,1.485419,-78.65200783221128,55.22127311655987
166.89,164.4,2.005177,0.973709,1.436767,2.002733,0.970498,1.450039,-79.56604077897813,52.72401793310219
166.9,164.41,2.013069,0.986626,1.400349,2.010765,0.983736,1.413881,-80.33730532607203,51.43703231880372
166.91,164.42,2.021689,0.99772,1.364302,2.019572,0.994897,1.377607,-80.9592762823878,53.133349861922426
166.92,164.43,2.030623,1.008766,1.328734,2.027812,1.005923,1.341976,-78.01521038682054,45.324274030438545
166.93,164.44,2.039212,1.020529,1.294835,2.036141,1.017228,1.307988,-76.85785330863534,47.067217613183395
166.94,164.45,2.047709,1.033233,1.261788,2.044405,1.02976,1.274901,-75.85791216417334,46.42850528336777
166.95,164.46,2.055685,1.047452,1.229845,2.05245,1.043813,1.242779,-75.95750278599404,48.363528983286805
166.96,164.47,2.065391,1.064415,1.198441,2.060277,1.060218,1.211665,-68.85746143306822,39.375325788508306
166.97,164.48,2.071088,1.081421,1.168036,2.06818,1.077403,1.18063,-76.99807363208551,54.10511787919984
166.98,164.49,2.079393,1.096919,1.135928,2.075811,1.093383,1.148565,-74.17444074081564,44.62973178314308
166.99,164.5,2.08778,1.110875,1.102848,2.083774,1.108019,1.11558,-72.53432476506943,35.486233176020264
167.0,164.51,2.095913,1.12365,1.069671,2.091945,1.12115,1.082196,-72.42146571675487,32.21258157983784
167.01,164.52,2.104271,1.136391,1.037521,2.100028,1.134482,1.050226,-71.5325874497747,24.223814834561058
167.02,164.53,2.112752,1.150163,1.007396,2.107246,1.147283,1.019626,-65.76251560337244,27.61252501902556
167.03,164.54,2.121054,1.165317,0.979888,2.113999,1.161105,0.990732,-56.952367122805086,30.83818939264219
167.04,164.55,2.129441,1.181979,0.95333,2.121846,1.177031,0.963336,-52.79988148566028,33.083488808467294
167.05,164.56,2.137721,1.199911,0.926094,2.130459,1.194851,0.936565,-55.25735616949519,34.86792549805987
167.06,164.57,2.146614,1.21671,0.897843,2.139827,1.212086,0.908713,-58.02020901564711,34.266701854239145
167.07,164.58,2.156125,1.231615,0.868324,2.149148,1.228,0.879748,-58.58626088319547,27.390074248330603
167.08,164.59,2.165173,1.245143,0.838479,2.158883,1.241726,0.850055,-61.48186547009059,28.512722456821045
167.09,164.6,2.173958,1.258079,0.808862,2.167812,1.254997,0.820685,-62.533045590941065,26.632133495278172
167.1,164.61,2.183278,1.271804,0.780568,2.176731,1.268407,0.79264,-61.52772333900159,27.42315556176278
167.11,164.62,2.191486,1.286064,0.754454,2.184689,1.282474,0.765945,-59.39541380618612,27.84185814491782
167.12,164.63,2.199616,1.302083,0.730262,2.192855,1.297493,0.74139,-58.71853637060986,34.17233402119804
167.13,164.64,2.208149,1.31924,0.708,2.200577,1.314173,0.718153,-53.28481361117813,33.78948476051952
167.14,164.65,2.217267,1.33681,0.685297,2.209162,1.331488,0.695037,-50.2349553958573,33.290172128694095
167.15,164.66,2.226738,1.352455,0.659708,2.219105,1.348227,0.670458,-54.62347642454411,28.98253557863897
167.16,164.67,2.236052,1.366718,0.633556,2.228445,1.362909,0.644904,-56.16453564374828,26.598182308046276
167.17,164.68,2.245009,1.380284,0.607253,2.238199,1.376575,0.619063,-60.03096203403114,28.574489120380278
167.18,164.69,2.254254,1.394323,0.582563,2.247122,1.390778,0.594044,-58.151439713737716,26.429927459958552
167.19,164.7,2.263505,1.408673,0.560075,2.255702,1.404719,0.571087,-54.678971165636725,26.872617591325657
167.2,164.71,2.272307,1.42415,0.539476,2.264519,1.419533,0.550183,-53.96880861436769,30.660951628674052
167.21,164.72,2.281445,1.440711,0.520889,2.273135,1.435781,0.531075,-50.79155224454777,30.67900881847397
167.22,164.73,2.291099,1.457496,0.502315,2.282442,1.4527,0.512052,-48.36025227247908,28.986564233116958
167.23,164.74,2.300876,1.472856,0.481696,2.292527,1.468629,0.492008,-51.00501026873364,26.85255446767797
167.24,164.75,2.310103,1.48687,0.460622,2.301822,1.482264,0.47038,-49.68083108264061,29.083381484659967
167.25,164.76,2.320062,1.500288,0.438798,2.310901,1.496125,0.448477,-46.57493303772768,24.43829994061678
167.26,164.77,2.330381,1.513997,0.418699,2.320241,1.510841,0.427864,-42.10873040378006,17.2883672162838
167.27,164.78,2.339359,1.527922,0.400986,2.32902,1.525057,0.409528,-39.56324810492683,15.488377430365038
167.28,164.79,2.349044,1.543762,0.386081,2.33794,1.539671,0.393689,-34.417324052331686,20.225098549160776
167.29,164.8,2.358657,1.559651,0.371948,2.347543,1.555544,0.379082,-32.69612578351857,20.280981407198084
167.3,164.81,2.369348,1.574903,0.357672,2.357539,1.571506,0.364454,-29.869084320544427,16.048513717771012
167.31,164.82,2.379519,1.588863,0.341353,2.368058,1.586017,0.348411,-31.625907661093464,13.94563407493625
167.32,164.83,2.39005,1.601992,0.324666,2.378261,1.599323,0.33188,-31.46356309282751,12.756572644439212
167.33,164.84,2.400151,1.614758,0.308585,2.387815,1.611845,0.313703,-22.532744225239696,13.286332923681904
167.34,164.85,2.41024,1.628086,0.29525,2.397578,1.624423,0.299084,-16.846090221869396,16.1346695153138
167.35,164.86,2.420201,1.640794,0.280151,2.40798,1.637547,0.286003,-25.58733140737004,14.87917171224879
167.36,164.87,2.430159,1.654977,0.270531,2.417743,1.651071,0.274908,-19.419031800399335,17.463266363024065
167.37,164.88,2.440869,1.668643,0.260451,2.428186,1.664775,0.264647,-18.30610304523382,16.960403967104874
167.38,164.89,2.452663,1.681603,0.249574,2.439928,1.678182,0.254853,-22.51532180651348,15.036375403148144
167.39,164.9,2.464585,1.692763,0.237835,2.452199,1.690666,0.243657,-25.175722038413358,9.609286051302496
167.4,164.91,2.476872,1.702981,0.225202,2.464398,1.702025,0.230566,-23.26840256901999,4.382547691294364
167.41,164.92,2.488177,1.713468,0.213474,2.475622,1.712665,0.21698,-15.602459726573757,3.6595721867456077
167.42,164.93,2.500731,1.724485,0.203887,2.486143,1.722652,0.204979,-4.280951423137598,7.161751534087203
167.43,164.94,2.511637,1.733855,0.194089,2.497906,1.732539,0.195448,-5.652334246708288,5.474593360522571
167.44,164.95,2.52298,1.743655,0.184561,2.509326,1.742515,0.18778,-13.265543581146934,4.7726707731743705
167.45,164.96,2.53352,1.753903,0.17577,2.520481,1.75319,0.181538,-23.862931522229093,3.129936817265301
167.46,164.97,2.544587,1.763482,0.167765,2.532235,1.763362,0.176379,-34.89103001621797,0.556612471407429
167.47,164.98,2.556819,1.771663,0.160669,2.54453,1.772969,0.171803,-42.1770026587822,-6.066276722634259
167.48,164.99,2.56999,1.77884,0.154914,2.557312,1.781089,0.164575,-37.30844138115938,-10.05927643700489
167.49,165.0,2.583712,1.786,0.149522,2.570221,1.788305,0.156983,-28.94414514636728,-9.695630659590158
167.5,165.01,2.596516,1.792403,0.144297,2.583152,1.794881,0.14997,-23.00115723253568,-10.504679582815784
167.51,165.02,2.609965,1.797903,0.138934,2.59595,1.800295,0.143497,-18.03419960545206,-9.685589245838818
167.52,165.03,2.622654,1.802865,0.13388,2.60877,1.805576,0.139009,-20.275139165647776,-11.048599888301757
167.53,165.04,2.634752,1.807559,0.129717,2.621391,1.810961,0.133639,-16.35912153902995,-14.285196225882439
167.54,165.05,2.647065,1.812582,0.125541,2.633664,1.816143,0.129841,-17.789959204765037,-14.88111080513963
167.55,165.06,2.658757,1.816625,0.121901,2.645628,1.821194,0.127895,-24.5389060968456,-19.188317009488074
167.56,165.07,2.67038,1.818498,0.119312,2.658629,1.824832,0.125182,-26.54359354582385,-28.325464625710946
167.57,165.08,2.682581,1.819441,0.116911,2.671296,1.826752,0.123096,-28.725942956148817,-32.93722986803818
167.58,165.09,2.695557,1.820407,0.11478,2.684121,1.827815,0.120223,-25.45225879371441,-32.93431653097401
167.59,165.1,2.70854,1.820606,0.112979,2.697098,1.828545,0.117163,-20.08596703745831,-34.75473985065818
167.6,165.11,2.722648,1.820071,0.117205,2.71053,1.827927,0.113897,15.268720359694614,-32.95501046556797
167.61,165.12,2.734965,1.817939,0.115028,2.723943,1.826482,0.111079,19.71176074261095,-37.7787694689305
167.62,165.13,2.747643,1.814936,0.11337,2.736498,1.823645,0.109294,20.088706295456102,-38.00501700736262
167.63,165.14,2.759266,1.811018,0.112259,2.74892,1.820314,0.108007,22.341686376147585,-41.940059014418985
167.64,165.15,2.771113,1.80688,0.111199,2.761251,1.816689,0.107016,22.984389867217985,-44.8456271177819
167.65,165.16,2.782877,1.803252,0.110288,2.773438,1.813184,0.105328,27.721000948061327,-46.45788668411657
167.66,165.17,2.794531,1.798799,0.109962,2.785601,1.808674,0.104684,30.58484677584678,-47.87684143117625
167.67,165.18,2.806406,1.793401,0.1098,2.797621,1.803678,0.105176,27.76015339305154,-49.475468020188664
167.68,165.19,2.818172,1.786279,0.108983,2.81038,1.797768,0.105205,25.866717616928106,-55.85433239372697
167.69,165.2,2.830478,1.779547,0.108223,2.822894,1.789862,0.104234,27.74328132519242,-53.675188853843636
167.7,165.21,2.842765,1.768157,0.107764,2.834682,1.780828,0.104419,22.48131262565921,-57.46565320285571
167.71,165.22,2.854401,1.757673,0.107399,2.846595,1.770187,0.104351,21.32909757773463,-58.04485383974748
167.72,165.23,2.86649,1.746195,0.106933,2.858477,1.758542,0.103985,20.19867775762877,-57.01709191322285
167.73,165.24,2.878738,1.734429,0.106236,2.871092,1.747078,0.10257,25.616152037471586,-58.84810140600218
167.74,165.25,2.890653,1.722432,0.105377,2.882956,1.734252,0.099448,37.60706463010771,-56.928451391837456
167.75,165.26,2.9024,1.710181,0.101665,2.894658,1.721964,0.098643,21.322611552560637,-56.69315350252395
167.76,165.27,2.914221,1.698755,0.102234,2.906565,1.710524,0.100754,10.941031144237636,-56.955089708397765
167.77,165.28,2.927201,1.688565,0.103587,2.919263,1.699097,0.099621,26.547725571462962,-52.994557103333705
167.78,165.29,2.941486,1.677163,0.106572,2.933297,1.688594,0.103069,23.159735615465337,-54.382746103389685
167.79,165.3,2.955308,1.665324,0.109736,2.947964,1.676442,0.106168,25.91227912958209,-56.55322519228412
167.8,165.31,2.96835,1.65151,0.112879,2.962221,1.662612,0.108684,34.389727256987804,-61.098549393297894
167.81,165.32,2.984593,1.63543,0.115486,2.978163,1.647398,0.110663,36.87274896234716,-61.75237150567286
167.82,165.33,3.000023,1.618781,0.11815,2.993794,1.631403,0.113783,35.0333604731806,-63.73350386359046
167.83,165.34,3.014408,1.603069,0.119529,3.008894,1.615715,0.118239,13.167522844340933,-66.44148870408614
167.84,165.35,3.029739,1.586926,0.122327,3.024608,1.599925,0.123113,-8.709237854652308,-68.45972657137106
167.85,165.36,3.045563,1.569325,0.125176,3.041145,1.582394,0.124583,7.644756777766092,-71.3220791273176
167.86,165.37,3.061019,1.553509,0.127545,3.056686,1.566137,0.127868,-4.263182864409372,-71.06155289387861
167.87,165.38,3.076302,1.537789,0.129931,3.072678,1.551169,0.134399,-50.954451203089654,-74.8449345646723
167.88,165.39,3.092836,1.520861,0.133398,3.089418,1.534769,0.141917,-68.13831701249264,-76.1927443724052
167.89,165.4,3.111609,1.506899,0.155461,3.106099,1.517521,0.148999,49.54652922121115,-62.582663621198584
167.9,165.41,3.129009,1.488487,0.162424,3.123793,1.499308,0.155828,51.663676849183524,-64.26473882742593
167.91,165.42,3.146352,1.469793,0.16988,3.141782,1.480036,0.162667,57.64254173806597,-65.95556142065496
167.92,165.43,3.16282,1.450395,0.177875,3.159154,1.460651,0.169694,65.86230107392689,-70.33060586007281
167.93,165.44,3.180024,1.430415,0.186705,3.176615,1.440697,0.177654,69.36144503213944,-71.65704548930289
167.94,165.45,3.197882,1.411584,0.196468,3.19389,1.421501,0.18812,64.44294921021836,-68.07318870553777
167.95,165.46,3.215522,1.39213,0.20801,3.212053,1.402122,0.19953,67.75150252073286,-70.85413689201765
167.96,165.47,3.232286,1.37256,0.220459,3.229066,1.382807,0.212309,68.44141923356048,-72.5552833218629
167.97,165.48,3.249039,1.352215,0.232766,3.245667,1.362923,0.225237,65.87390796913463,-72.52053791052904
167.98,165.49,3.267055,1.330811,0.245002,3.26369,1.341532,0.237789,64.99006464309655,-72.57449293797255
167.99,165.5,3.285447,1.309264,0.257839,3.282154,1.3202,0.250078,67.00843940561117,-73.24213331310483
168.0,165.51,3.302006,1.288137,0.271999,3.300129,1.29827,0.263275,77.85770833866728,-79.50568832708801
168.01,165.52,3.318187,1.266502,0.287662,3.317013,1.276661,0.278803,82.45111427097909,-83.4079942903001
168.02,165.53,3.334084,1.246189,0.304778,3.332431,1.25607,0.295339,80.06683419755252,-80.5028898305479
168.03,165.54,3.349308,1.225248,0.32294,3.347193,1.235376,0.31416,76.4561480475183,-78.20460452609636
168.04,165.55,3.364267,1.204233,0.34211,3.361741,1.214259,0.333789,73.1133214595752,-75.85892271047206
168.05,165.56,3.377915,1.181673,0.361156,3.376455,1.191504,0.352273,80.66637805545001,-81.55275504431427
168.06,165.57,3.391077,1.158564,0.381114,3.390351,1.168278,0.371744,85.56949898815984,-85.72580341809852
168.07,165.58,3.404263,1.137099,0.402099,3.404846,1.145442,0.391422,93.12543794840053,-93.99727050172098
168.08,165.59,3.415677,1.116215,0.424219,3.418613,1.124365,0.411927,103.43366152533174,-109.8113225427591
168.09,165.6,3.427478,1.095681,0.448067,3.429319,1.10315,0.43689,99.35339025916112,-103.846564908443
168.1,165.61,3.438645,1.073863,0.473,3.440026,1.082229,0.462677,97.6197273339845,-99.37345200066099
168.11,165.62,3.449615,1.050991,0.497895,3.450504,1.059899,0.488219,95.24941575588757,-95.69913003334692
168.12,165.63,3.460404,1.027761,0.523405,3.460671,1.037385,0.514062,91.63692718326972,-91.58915732374008
168.13,165.64,3.469781,1.005373,0.54999,3.470854,1.01426,0.54049,96.44409743847474,-96.88446265982648
168.14,165.65,3.477919,0.983469,0.577789,3.479402,0.993071,0.568231,98.81957215840639,-98.77978864738392
168.15,165.66,3.485095,0.963905,0.606871,3.486411,0.972749,0.596842,97.47561031984822,-98.4635929392804
168.16,165.67,3.490412,0.945085,0.637204,3.492512,0.953475,0.626722,101.32885237851018,-104.05231070797441
168.17,165.68,3.494493,0.925581,0.667946,3.496973,0.933855,0.657498,103.3529507007332,-106.68526655463974
168.18,165.69,3.498245,0.90442,0.698884,3.500757,0.91315,0.688424,103.50401984330031,-106.05282427867303
168.19,165.7,3.501044,0.883788,0.730086,3.504593,0.891623,0.719462,108.4721528189582,-114.36897910865602
168.2,165.71,3.503747,0.86375,0.762422,3.508227,0.870479,0.751162,111.69605420298551,-123.65468399079201
168.21,165.72,3.505844,0.844201,0.795554,3.509736,0.851557,0.784209,108.93497312090534,-117.88295424476053
168.22,165.73,3.506357,0.827108,0.829488,3.510342,0.834247,0.818092,109.27392012800624,-119.17031723910247
168.23,165.74,3.504998,0.810216,0.8645,3.508695,0.81735,0.853259,108.20527696577032,-117.39421136207756
168.24,165.75,3.502785,0.792242,0.899801,3.505997,0.799758,0.888599,105.99942429624636,-113.13968213752764
168.25,165.76,3.499994,0.773158,0.934611,3.503183,0.780387,0.923168,105.57239126222457,-113.80418730205727
168.26,165.77,3.497066,0.754774,0.969693,3.500601,0.760289,0.958075,106.92339189861583,-122.65902463825475
168.27,165.78,3.493701,0.735235,1.006053,3.497702,0.741295,0.994113,108.52559524309387,-123.43403049362233
168.28,165.79,3.489185,0.718678,1.042271,3.493668,0.724667,1.030399,110.68709736198201,-126.81628578385543
168.29,165.8,3.483366,0.704503,1.079208,3.487876,0.710113,1.067456,110.99502759471655,-128.79655209830685
168.3,165.81,3.475944,0.691889,1.117093,3.480852,0.697287,1.105043,112.16121041118691,-132.27791521564222
168.31,165.82,3.467448,0.677793,1.154671,3.472707,0.683655,1.143061,114.36917509701081,-131.89636216980722
168.32,165.83,3.458112,0.662335,1.192113,3.464276,0.667701,1.180536,118.03239965771085,-138.95917054241124
168.33,165.84,3.449257,0.64616,1.230304,3.455157,0.65151,1.218994,117.54934886379075,-137.798898513576
168.34,165.85,3.440552,0.630444,1.269034,3.446406,0.635584,1.257242,116.40156070840668,-138.71582829131685
168.35,165.86,3.43126,0.61569,1.3077,3.436385,0.621313,1.296235,114.08524725842878,-132.34714314504564
168.36,165.87,3.421549,0.604173,1.346433,3.42754,0.608876,1.334725,117.09888969514964,-141.86770170378017
168.37,165.88,3.410583,0.595044,1.385142,3.416693,0.59868,1.373095,116.8932216665005,-149.24354554291628
168.38,165.89,3.398051,0.587748,1.423878,3.404557,0.590434,1.41166,118.03499065938676,-157.56673296162003
168.39,165.9,3.384806,0.578632,1.463382,3.391285,0.581895,1.451059,117.73381498210075,-153.2689359937997
168.4,165.91,3.371309,0.566966,1.503654,3.376804,0.571283,1.491702,114.6908758672583,-141.84599701114269
168.41,165.92,3.357915,0.554561,1.543878,3.363456,0.559083,1.532176,115.33796698557806,-140.7821783002824
168.42,165.93,3.344696,0.541886,1.583661,3.350464,0.546435,1.572154,116.62278090550643,-141.7385125653812
168.43,165.94,3.331907,0.530176,1.623771,3.337168,0.53449,1.612228,114.5022680316193,-140.64837761391152
168.44,165.95,3.318234,0.519941,1.663416,3.32327,0.52399,1.651331,112.62222141370682,-141.20033138635569
168.45,165.96,3.304684,0.512637,1.701782,3.310008,0.515653,1.689789,113.93766123358364,-150.46882126008626
168.46,165.97,3.29044,0.507086,1.742275,3.295472,0.509528,1.730213,112.64481955426584,-154.1129737336755
168.47,165.98,3.275422,0.502603,1.783512,3.280307,0.505407,1.771414,111.98815424934003,-150.14408784521063
168.48,165.99,3.25979,0.497338,1.824818,3.264979,0.500567,1.812816,113.38098174043073,-148.10690870435263
168.49,166.0,3.244093,0.491271,1.866085,3.249267,0.493827,1.854635,114.31715099642821,-153.7102364077529
168.5,166.01,3.228163,0.483213,1.90825,3.232881,0.486462,1.896457,111.80476006774387,-145.4471762934755
168.51,166.02,3.212179,0.475205,1.948766,3.216979,0.477579,1.936716,111.7193826569045,-153.68376808174108
168.52,166.03,3.196519,0.466794,1.989124,3.201298,0.468272,1.976835,111.2502805133989,-162.81474508980614
168.53,166.04,3.180778,0.458375,2.030797,3.185642,0.460244,2.018605,111.7495346435651,-158.98064628177843
168.54,166.05,3.165136,0.450643,2.072149,3.170009,0.453085,2.059448,110.9903385854314,-153.3832378446217
168.55,166.06,3.149735,0.445216,2.112913,3.154555,0.446717,2.100104,110.62121416725498,-162.70284796519763
168.56,166.07,3.134353,0.44208,2.153576,3.139077,0.442906,2.1413,111.04751858473008,-170.0819924790688
168.57,166.08,3.118941,0.440498,2.19522,3.12386,0.440642,2.182429,111.0351096683469,-178.32318833232512
168.58,166.09,3.10353,0.43935,2.236866,3.108371,0.439252,2.224567,111.48505711789188,178.84027689403618
168.59,166.1,3.08756,0.435681,2.278941,3.092288,0.436587,2.267509,112.4688094200833,-169.15223318622293
168.6,166.11,3.07044,0.430984,2.322052,3.075359,0.432432,2.310308,112.72647901208448,-163.59721762742012
168.61,166.12,3.053067,0.4259,2.365954,3.058028,0.427758,2.353121,111.135578160318,-159.46800629707135
168.62,166.13,3.037083,0.42088,2.40814,3.041196,0.423168,2.395394,107.88434401045751,-150.91347098013085
168.63,166.14,3.022816,0.418226,2.449964,3.026305,0.420886,2.43747,105.60260576600993,-142.67824402276693
168.64,166.15,3.010015,0.4183,2.491714,3.012586,0.420388,2.478826,101.28171679941387,-140.91872805985963
168.65,166.16,2.997582,0.421025,2.534349,3.000135,0.422368,2.520581,100.50503722631976,-152.25348524976957
168.66,166.17,2.986431,0.423817,2.57651,2.988506,0.425839,2.564117,99.50505059533006,-135.74115375581587
168.67,166.18,2.97576,0.425723,2.620719,2.977912,0.427473,2.607689,99.37816026608454,-140.88209336049567
168.68,166.19,2.964582,0.426122,2.665037,2.967309,0.428598,2.652075,101.88086075567628,-137.76188738145828
168.69,166.2,2.95312,0.42477,2.709558,2.956041,0.428193,2.696415,102.53019245678001,-130.47561894963016
168.7,166.21,2.942143,0.424119,2.752461,2.944031,0.427182,2.739605,98.35459489957888,-121.64923031600259
168.71,166.22,2.931662,0.425313,2.795207,2.932423,0.426774,2.782575,93.4475502023434,-117.51393062782115
168.72,166.23,2.922808,0.427809,2.838102,2.922969,0.428608,2.825069,90.70775349572476,-101.39265009633172
168.73,166.24,2.916131,0.431534,2.880755,2.916232,0.432298,2.868168,90.4597401712699,-97.53077397867258
168.74,166.25,2.910306,0.436889,2.924767,2.910377,0.437899,2.911348,90.30314944371479,-94.02110815392986
168.75,166.26,2.906051,0.442854,2.968832,2.906335,0.44346,2.954976,91.1742005838643,-115.10998998680218
168.76,166.27,2.902488,0.446695,3.013191,2.902963,0.446993,2.999956,92.05544534496146,-147.89713824408855
168.77,166.28,2.897859,0.449056,3.058491,2.899139,0.450951,3.044024,95.05620525528266,-124.03752099576735
168.78,166.29,2.892801,0.450409,3.103089,2.893494,0.452783,3.088387,92.69872177327001,-106.27317866628427
168.79,166.3,2.887964,0.452364,3.145647,2.887783,0.454145,3.132548,89.20834596978301,-84.19705089747382
168.8,166.31,2.883259,0.456114,3.189108,2.882486,0.456719,3.175755,86.68686720432311,-38.049041059147065
168.81,166.32,2.880775,0.459388,3.233552,2.879424,0.45979,3.219687,84.434691239996,-16.570761116665206
168.82,166.33,2.8797,0.463598,3.275363,2.878451,0.465002,3.262299,84.53876480591178,-48.343671995034576
168.83,166.34,2.880319,0.469936,3.318491,2.878981,0.470808,3.305041,84.31893250488943,-33.09305079226861
168.84,166.35,2.882391,0.476944,3.360027,2.880914,0.478425,3.34784,83.0897557064984,-45.077479032575916
168.85,166.36,2.885473,0.483779,3.405461,2.883874,0.484899,3.391024,83.67984600726108,-35.008850683032435
168.86,166.37,2.888617,0.488602,3.448443,2.886164,0.489428,3.435362,79.37902244234881,-18.609950659635725
168.87,166.38,2.890608,0.492926,3.492407,2.888653,0.492922,3.47899,81.70973713397713,0.11722905280988062
168.88,166.39,2.891969,0.49499,3.535975,2.88978,0.495788,3.522776,80.58343949744673,-20.029328034710606
168.89,166.4,2.892944,0.49616,3.578998,2.890444,0.498358,3.566461,78.72258948063696,-41.32193478643543
168.9,166.41,2.894765,0.498925,3.621043,2.89239,0.50191,3.609758,78.11518018778489,-51.492667360101166
168.91,166.42,2.899325,0.505286,3.665091,2.896183,0.506641,3.651641,76.85116541515534,-23.328313266443594
168.92,166.43,2.905305,0.511875,3.706356,2.901297,0.512744,3.692844,73.47831510800596,-12.233315036628928
168.93,166.44,2.913436,0.519987,3.746017,2.90894,0.521093,3.733044,70.88542564344651,-13.820147262359045
168.94,166.45,2.92303,0.528368,3.786211,2.918338,0.529335,3.773353,69.95251863588075,-11.64534832016351
168.95,166.46,2.932447,0.53512,3.82648,2.927689,0.53633,3.813409,69.99789025366384,-14.268346433055683
168.96,166.47,2.940883,0.541341,3.867792,2.936121,0.541934,3.854401,70.4240042612066,-7.098359574190914
168.97,166.48,2.949405,0.54553,3.908331,2.944043,0.547107,3.895093,67.94978444364037,-16.38896181668885
168.98,166.49,2.958047,0.550505,3.949601,2.952525,0.552455,3.936862,66.56461782862789,-19.449803559314923
168.99,166.5,2.967362,0.556773,3.989252,2.961962,0.558889,3.976213,67.50349061227406,-21.397821403089157
169.0,166.51,2.978786,0.564975,4.027589,2.972786,0.567343,4.015627,63.362189885241385,-21.537497121973413
169.01,166.52,2.991642,0.57501,4.064328,2.985428,0.576215,4.05216,62.94733693999723,-10.97441648488228
169.02,166.53,3.006509,0.586011,4.099275,3.000241,0.586562,4.088109,60.69245715180757,-5.023776217944107
169.03,166.54,3.022473,0.596894,4.13535,3.0156,0.596171,4.124238,58.26235864682582,6.005100403467864
169.04,166.55,3.037836,0.603037,4.17369,3.031852,0.604188,4.161248,64.314696949683,-10.887657814591805
169.05,166.56,3.052596,0.609202,4.211805,3.046509,0.610824,4.20005,62.62387580819967,-14.920871187938177
169.06,166.57,3.066945,0.614047,4.24924,3.060356,0.61669,4.237994,59.63408159619061,-21.85686038170118
169.07,166.58,3.08128,0.620327,4.286275,3.075062,0.62267,4.274325,62.5104740130041,-20.646873885261694
169.08,166.59,3.09637,0.62783,4.321659,3.090505,0.630455,4.310542,62.18519820685815,-24.11187322358112
169.09,166.6,3.112221,0.636705,4.355426,3.1064,0.638047,4.345069,60.66247458472357,-12.98239545617936
169.1,166.61,3.127195,0.645687,4.385817,3.122569,0.647772,4.378808,56.57484716642164,-24.261725827497184
169.11,166.62,3.144902,0.657722,4.421518,3.140693,0.659121,4.412856,64.08416499755525,-18.385929203186635
169.12,166.63,3.163537,0.667684,4.456376,3.158301,0.669659,4.446894,61.09233681642193,-20.66629149590598
169.13,166.64,3.182927,0.676695,4.492987,3.177364,0.678663,4.48241,62.25775988956878,-19.4820456573916
169.14,166.65,3.200901,0.683318,4.530063,3.196568,0.685319,4.517182,71.4077334883094,-24.7877173842112
169.15,166.66,3.218898,0.688434,4.565547,3.21508,0.69061,4.552371,73.84003565510334,-29.68019514941802
169.16,166.67,3.236459,0.693601,4.599178,3.23309,0.695948,4.586946,74.60110645881332,-34.86283940655462
169.17,166.68,3.254275,0.699068,4.632088,3.251181,0.70131,4.620433,75.13285656319259,-35.928150468012255
169.18,166.69,3.271882,0.704993,4.663167,3.268986,0.709349,4.653735,72.93142648413533,-56.38284328876174
169.19,166.7,3.290211,0.71584,4.698561,3.286343,0.717734,4.686423,72.32455056092954,-26.0890847261762
169.2,166.71,3.307957,0.726275,4.731375,3.303996,0.727956,4.718627,72.7391753715518,-22.99577444213471
169.21,166.72,3.3273,0.737836,4.764122,3.322365,0.739189,4.750996,69.3951773681289,-15.331717293134588
169.22,166.73,3.345712,0.746941,4.796272,3.341433,0.748468,4.783445,71.55165179015823,-19.639402769782688
169.23,166.74,3.365358,0.753712,4.826945,3.361316,0.756486,4.81641,69.00951696361703,-34.46157207259879
169.24,166.75,3.384513,0.758695,4.858274,3.380827,0.762703,4.849366,67.52094433783839,-47.39647531779278
169.25,166.76,3.405225,0.766654,4.895705,3.400025,0.768092,4.88301,67.72549905896467,-15.458168864707277
169.26,166.77,3.424776,0.771033,4.929193,3.419192,0.773559,4.916693,65.92872923175042,-24.34027873219075
169.27,166.78,3.444546,0.775241,4.961244,3.437912,0.778323,4.949446,60.65100890158669,-24.91846998353185
169.28,166.79,3.463566,0.781027,4.993301,3.456368,0.784426,4.981777,58.010708349296,-25.277360646465095
169.29,166.8,3.479323,0.788789,5.02616,3.474112,0.791037,5.013327,67.8997736132006,-23.335131873590722
169.3,166.81,3.49491,0.798147,5.057647,3.49083,0.799563,5.044,73.35508097944528,-19.139782258652428
169.31,166.82,3.50984,0.807168,5.087486,3.506853,0.808738,5.075132,76.40765518397028,-27.726908633470522
169.32,166.83,3.524614,0.815761,5.11777,3.523413,0.817162,5.107183,83.5279766487937,-49.39533759037924
169.33,166.84,3.544611,0.824678,5.145312,3.540178,0.825709,5.141189,42.924973638580894,-13.09274852741321
169.34,166.85,3.563443,0.830944,5.178793,3.557234,0.831204,5.175194,30.09840164323352,-2.397842588358057
169.35,166.86,3.577291,0.83496,5.222615,3.574142,0.83537,5.209308,76.68630543811832,-7.4181841331862035
169.36,166.87,3.591181,0.841172,5.255632,3.59085,0.841228,5.242965,88.50315084660267,-9.602615217335924
169.37,166.88,3.607828,0.847389,5.288402,3.606704,0.848408,5.275821,84.89468820603904,-42.19493720835153
169.38,166.89,3.627688,0.853922,5.320805,3.62107,0.857506,5.307553,63.462626269962605,-28.437908159234823
169.39,166.9,3.64731,0.861232,5.353032,3.634271,0.867434,5.338877,47.35001213590395,-25.438095538085037
169.4,166.91,3.663242,0.869779,5.385273,3.646632,0.8771,5.370508,41.63460984550996,-23.78589800191221
169.41,166.92,3.672034,0.880024,5.41772,3.658479,0.885416,5.403163,47.04133742056191,-21.6920094623873
169.42,166.93,3.676105,0.891271,5.450334,3.670176,0.892692,5.436568,66.69851220146292,-13.477822753241211
169.43,166.94,3.686122,0.899814,5.48386,3.682986,0.899402,5.470222,77.05018820269409,7.484514561477091
169.44,166.95,3.714185,0.902175,5.518106,3.698735,0.907106,5.502759,44.8083760338262,-17.700929054681033
169.45,166.96,3.733991,0.905831,5.546331,3.710957,0.915347,5.5343,27.578733267547573,-22.446910696140556
169.46,166.97,3.717415,0.926906,5.579788,3.720451,0.924895,5.566123,102.5261439661802,146.48011745723107
169.47,166.98,3.73776,0.933752,5.613029,3.7286,0.936313,5.59774,59.07318180514595,-15.620203105184375
169.48,166.99,3.745222,0.945385,5.645875,3.735883,0.948043,5.630238,59.152774901516686,-15.887037532599434
169.49,167.0,3.757917,0.953402,5.679997,3.742759,0.958954,5.663641,47.177042196572344,-20.11653140210587
169.5,167.01,3.774753,0.958085,5.712347,3.752776,0.967999,5.697474,34.088293639280735,-24.280515421805767
169.51,167.02,3.784466,0.965588,5.746355,3.766535,0.974694,5.731637,39.37959859568403,-26.92308143160937
169.52,167.03,3.782374,0.978962,5.781587,3.780221,0.981108,5.765338,82.4522482366048,-44.90670618698999
169.53,167.04,3.779146,0.991559,5.813212,3.790021,0.989313,5.797784,125.17951987754593,168.3308415283382
169.54,167.05,3.787169,1.002295,5.841069,3.792122,1.00138,5.828184,111.02678315295954,169.53337907890898
169.55,167.06,3.793146,1.014838,5.872495,3.789101,1.016068,5.857295,75.09791352795415,-16.913420935081284
169.56,167.07,3.793515,1.02744,5.903448,3.784098,1.031038,5.888507,57.777626136786125,-20.910605310846137
169.57,167.08,3.798808,1.03623,5.936556,3.795719,1.03831,5.921755,78.21146187853054,-33.954632438665364
169.58,167.09,3.798092,1.046592,5.968159,3.800429,1.046871,5.954464,99.68402723117494,-173.19203215938006
169.59,167.1,3.796547,1.058745,5.99826,3.798736,1.058949,5.984403,98.97687310586618,-174.67579872128775
169.6,167.11,3.796936,1.07128,6.026464,3.802022,1.069555,6.013737,111.78277848035155,161.2647934077691
169.61,167.12,3.793979,1.084501,6.053051,3.798126,1.082602,6.040639,108.47510002834011,155.39594347985556
169.62,167.13,3.789055,1.09905,6.081306,3.794703,1.0966,6.068913,114.5007063528039,156.54967432804258
169.63,167.14,3.784491,1.111636,6.111008,3.792146,1.109219,6.098726,121.93404206589865,162.47693914724425
169.64,167.15,3.783969,1.120441,6.142608,3.788251,1.120703,6.129035,107.50940475709547,-176.49864479173104
169.65,167.16,3.780145,1.131064,6.172678,3.786861,1.130511,6.160033,117.97362125419693,175.29284559593293
169.66,167.17,3.776079,1.1426,6.201407,3.784166,1.141332,6.18918,123.48085295216617,171.08886943176634
169.67,167.18,3.773331,1.154412,6.228038,3.781412,1.152886,6.216132,124.16604888454924,169.3063037275486
169.68,167.19,3.763521,1.169206,6.251129,3.772646,1.166718,6.240149,129.72849507107608,164.74860045657843
169.69,167.2,3.752529,1.183783,6.273823,3.759839,1.182011,6.262728,123.37910298356246,166.37390246874523
169.7,167.21,3.744684,1.195805,6.299341,3.755312,1.193813,6.289094,136.0456176541633,169.38425072162423
169.71,167.22,3.734761,1.207844,6.326081,3.744724,1.205354,6.315421,133.06429891883306,165.96781603182026
169.72,167.23,3.725737,1.21668,6.353559,3.735623,1.215699,6.342388,131.50786501742456,174.3330209929877
169.73,167.24,3.715669,1.227395,6.379761,3.725032,1.227024,6.368747,130.3678584964751,177.73089609677177
169.74,167.25,3.707366,1.237803,6.403789,3.713261,1.239529,6.39177,116.126722992911,-163.68047055192756
169.75,167.26,3.69592,1.251426,6.424464,3.704178,1.250938,6.413667,127.41028059054364,176.6180841101373
169.76,167.27,3.68158,1.265751,6.442913,3.690561,1.264778,6.432606,131.0672515560873,173.8167020040262
169.77,167.28,3.670387,1.276387,6.463872,3.675556,1.278443,6.451977,113.48746849951921,-158.30952121630364
169.78,167.29,3.651153,1.289943,6.483,3.662172,1.289218,6.473519,139.2905429675956,176.23562452225764
169.79,167.3,3.638461,1.299493,6.504759,3.64887,1.29908,6.495513,138.38628276245325,177.7278555890517
169.8,167.31,3.626142,1.309169,6.525146,3.640644,1.307535,6.519281,157.980263635608,173.57136214857096
169.81,167.32,3.615336,1.317357,6.546153,3.632982,1.315421,6.54258,168.55338624202216,173.7389351901118
169.82,167.33,3.594634,1.330372,6.562313,3.609058,1.328547,6.55674,158.8749666449053,172.78895475071397
169.83,167.34,3.579689,1.341367,6.57936,3.586721,1.341506,6.571023,130.14658934955307,-178.86759437792725
169.84,167.35,3.561848,1.353747,6.59419,3.568299,1.353249,6.584879,124.7156275054652,175.5856736483802
169.85,167.36,3.544252,1.364828,6.609638,3.555982,1.364077,6.60247,148.57161986413638,176.33670233150318
169.86,167.37,3.531578,1.372384,6.628304,3.538749,1.373894,6.618921,127.38903395217632,-168.10892592907825
169.87,167.38,3.509427,1.382147,6.64429,3.520183,1.382455,6.636666,144.67046382723464,-178.35977323572527
169.88,167.39,3.490742,1.389621,6.660702,3.506258,1.3891,6.656147,163.6394527711814,178.07683103327477
169.89,167.4,3.474375,1.396734,6.675684,3.495953,1.394555,6.676242,-178.5186800797452,174.23367756742095
169.9,167.41,3.461472,1.403927,6.691185,3.474856,1.403396,6.68889,170.26992624657152,177.72802517686353
169.91,167.42,3.448071,1.410733,6.707298,3.457,1.411197,6.701901,148.84976631152267,-177.02527158603615
169.92,167.43,3.435289,1.418346,6.722263,3.437088,1.419614,6.712937,100.91833637004031,-144.822439885064
169.93,167.44,3.410105,1.428892,6.729584,3.418142,1.429417,6.723339,142.15167748800306,-176.26258448799734
169.94,167.45,3.376702,1.439672,6.733601,3.388796,1.440581,6.729225,160.10823902163312,-175.70166025764212
169.95,167.46,3.35213,1.446141,6.743943,3.360717,1.449013,6.737204,141.87549751351725,-161.5070210357115
169.96,167.47,3.333629,1.448982,6.758419,3.340077,1.453036,6.750461,129.01625326127566,-147.84151795977544
169.97,167.48,3.312369,1.452504,6.770701,3.325609,1.455382,6.766902,163.99003938553633,-167.7363042398012
169.98,167.49,3.290785,1.456379,6.780394,3.306046,1.459381,6.779274,175.8026057182803,-168.87140325473737
169.99,167.5,3.271582,1.461187,6.789085,3.287247,1.462565,6.790332,-175.44861215098854,-174.9728137428749
170.0,167.51,3.254719,1.464747,6.79903,3.263957,1.467933,6.797103,168.21734669263628,-160.9717180364883
170.01,167.52,3.230999,1.470512,6.806279,3.243972,1.474055,6.804298,171.31790133036702,-164.72470304344162
170.02,167.53,3.204114,1.476881,6.811577,3.222979,1.479984,6.811287,179.11929671779464,-170.6593707249899
170.03,167.54,3.180921,1.481652,6.817619,3.197674,1.484968,6.817647,-179.90423922088004,-168.80389438620543
170.04,167.55,3.159552,1.48459,6.825369,3.173083,1.48876,6.823928,173.92112950721636,-162.87168498903011
170.05,167.56,3.133998,1.486412,6.831489,3.148665,1.49042,6.831251,179.07034848054835,-164.71612781490634
170.06,167.57,3.110076,1.485421,6.839166,3.125251,1.49011,6.839386,-179.16941097199899,-162.82910947826193
170.07,167.58,3.086479,1.48461,6.846373,3.101098,1.489874,6.846527,-179.3964550459507,-160.19709900316298
170.08,167.59,3.063155,1.484505,6.851791,3.07949,1.488892,6.854555,-170.39610734657012,-164.96711576461905
170.09,167.6,3.041325,1.484612,6.857174,3.055231,1.488668,6.859343,-171.13467546455735,-163.73947885930045
170.1,167.61,3.016414,1.484617,6.861499,3.030936,1.48929,6.862859,-174.64979717515797,-162.16246680888028
170.11,167.62,2.992263,1.486073,6.865439,3.007789,1.490515,6.867236,-173.39788605248398,-164.0341354037298
170.12,167.63,2.96832,1.487399,6.869242,2.983106,1.492348,6.870257,-176.07303355799633,-161.49416791978743
170.13,167.64,2.94314,1.488845,6.872377,2.95704,1.493167,6.872628,-178.96549080278658,-162.72768889085756
170.14,167.65,2.918033,1.487887,6.876002,2.931971,1.492924,6.876287,-178.82859650401622,-160.13084674772503
170.15,167.66,2.891529,1.485455,6.879135,2.90666,1.490115,6.880684,-174.15484398411678,-162.88237124975933
170.16,167.67,2.865615,1.481497,6.882363,2.880252,1.487139,6.883935,-173.8699842453262,-158.92026930039506
170.17,167.68,2.839436,1.476709,6.884737,2.854151,1.482492,6.887121,-170.7973818318231,-158.54515640537147
170.18,167.69,2.814982,1.472777,6.886793,2.829063,1.478616,6.890107,-166.75630496155958,-157.47757135105314
170.19,167.7,2.791611,1.469567,6.88843,2.801867,1.474801,6.892254,-159.55178246742443,-152.9631694887274
170.2,167.71,2.765227,1.466755,6.889205,2.77952,1.469935,6.894944,-158.1232949929683,-167.45676192230553
170.21,167.72,2.738412,1.463397,6.890279,2.753404,1.467172,6.89466,-163.7104485860066,-165.86668017441542
170.22,167.73,2.710615,1.460557,6.889621,2.724826,1.465605,6.894156,-162.30112928456776,-160.44405662655893
170.23,167.74,2.683495,1.457998,6.890054,2.700077,1.462878,6.895038,-163.27096241975508,-163.60110659685415
170.24,167.75,2.658609,1.453113,6.891391,2.674747,1.457181,6.895333,-166.27326148458425,-165.85187042458918
170.25,167.76,2.62533,1.449054,6.886846,2.643996,1.453746,6.895177,-155.9478610397382,-165.89011161181674
170.26,167.77,2.595463,1.442663,6.885357,2.61353,1.447977,6.894221,-153.86658804697805,-163.60994458444623
170.27,167.78,2.569634,1.434431,6.886821,2.585688,1.440671,6.894247,-155.17644518996988,-158.7594843777256
170.28,167.79,2.544574,1.42608,6.887719,2.558388,1.433088,6.895158,-151.6970182426883,-153.10079891403205
170.29,167.8,2.522131,1.418024,6.889659,2.534287,1.424383,6.896804,-149.55402739156867,-152.3852072082425
170.3,167.81,2.494871,1.411925,6.887427,2.508548,1.416673,6.895379,-149.82567904931673,-160.85544533265175
170.31,167.82,2.467926,1.405869,6.885294,2.479537,1.41182,6.892505,-148.157692680492,-152.8634437024276
170.32,167.83,2.439443,1.40131,6.88147,2.453027,1.406017,6.889231,-150.25920697578016,-160.88825664638983
170.33,167.84,2.410823,1.395204,6.877636,2.425918,1.400532,6.885808,-151.57015662416808,-160.55877392120559
170.34,167.85,2.378562,1.389884,6.872663,2.397491,1.394435,6.88248,-152.58774209807112,-166.48125825206955
170.35,167.86,2.3492,1.381974,6.869329,2.362529,1.389056,6.870837,-173.5451876031538,-152.01727803844116
170.36,167.87,2.320351,1.373537,6.86619,2.334602,1.379189,6.871728,-158.76365913375034,-158.3665375446277
170.37,167.88,2.290341,1.365079,6.862621,2.30903,1.368888,6.871253,-155.20891958472498,-168.48033624085355
170.38,167.89,2.261288,1.357039,6.858509,2.280531,1.36004,6.865868,-159.0719073796308,-171.13596330221225
170.39,167.9,2.217184,1.343296,6.851066,2.233724,1.347751,6.858264,-156.4819304564441,-164.92530057927033
170.4,167.91,2.182375,1.334294,6.84368,2.197558,1.341172,6.848775,-161.4496542572421,-155.62915737452974
170.41,167.92,2.171908,1.335737,6.83968,2.190345,1.343744,6.839617,179.8042186873915,-156.52518817923755
170.42,167.93,2.152537,1.331344,6.841595,2.177696,1.341784,6.833608,162.38738931824562,-157.46346360043918
170.43,167.94,2.131038,1.325447,6.831765,2.158232,1.335787,6.829152,174.51144925217386,-159.18164791739667
170.44,167.95,2.116315,1.323884,6.804274,2.137391,1.330284,6.8231,-138.22738533714968,-163.10840850727993
170.45,167.96,2.081081,1.311,6.785758,2.108526,1.322223,6.815507,-132.6931472307697,-157.75902445044753
170.46,167.97,2.051628,1.302135,6.775919,2.073963,1.312339,6.806521,-126.12399630757912,-155.44616753441753
170.47,167.98,2.020473,1.293132,6.766922,2.036025,1.301368,6.79629,-117.90372463110593,-152.09528154008615
170.48,167.99,1.989608,1.28647,6.756979,1.997036,1.290045,6.784961,-104.86665633336195,-154.29909178586772
170.49,168.0,1.949828,1.276577,6.751998,1.959318,1.279106,6.772681,-114.64712084600289,-165.07797766710652
170.5,168.01,1.944391,1.278884,6.73735,1.925196,1.269286,6.759598,-49.21322322060448,26.566245137641047
170.51,168.02,1.869032,1.25232,6.740224,1.893646,1.260271,6.746162,-166.43684731816396,-162.09811427724435
170.52,168.03,1.832132,1.240122,6.730818,1.865309,1.252276,6.727355,174.0410713874188,-159.880291481404
170.53,168.04,1.796712,1.228009,6.720273,1.83978,1.245378,6.705613,161.20183973460954,-158.0361507994981
170.54,168.05,1.7719,1.220755,6.703652,1.816657,1.23965,6.683376,155.62832753407278,-157.11205591292722
170.55,168.06,1.76018,1.219742,6.678504,1.795534,1.235169,6.663082,156.43237346931195,-156.42556607901966
170.56,168.07,1.749368,1.219758,6.650272,1.776008,1.232009,6.647169,173.35618449097024,-155.30360549254448
170.57,168.08,1.73495,1.218551,6.62231,1.757145,1.229535,6.634259,-151.70355475697727,-153.6698256440634
170.58,168.09,1.71687,1.215217,6.601893,1.735716,1.225371,6.61975,-136.54352007150712,-151.6847424614354
170.59,168.1,1.693767,1.208211,6.593649,1.705716,1.215781,6.597813,-160.78752253624194,-147.64468588785306
170.6,168.11,1.658691,1.195592,6.59661,1.664582,1.199891,6.569024,102.054467586153,-143.8796300082708
170.61,168.12,1.614243,1.183147,6.579747,1.625174,1.187068,6.547791,108.88397536476775,-160.2668561905836
170.62,168.13,1.565977,1.172718,6.54263,1.590915,1.178901,6.535137,163.27630812947328,-166.07517311490665
170.63,168.14,1.523785,1.159447,6.511378,1.559261,1.171731,6.519907,-166.48172890070566,-160.9009610923282
170.64,168.15,1.470854,1.145064,6.490414,1.53221,1.166323,6.500073,-171.0536056724393,-160.88951091946677
170.65,168.16,1.451365,1.141018,6.465477,1.508849,1.162327,6.476452,-169.1910172056495,-159.660536146742
170.66,168.17,1.516109,1.16961,6.437569,1.488268,1.159393,6.449865,-23.828688903344574,20.15196334836841
170.67,168.18,1.478858,1.159544,6.415849,1.469555,1.157172,6.421134,-29.600747123596094,14.304019388393979
170.68,168.19,1.450925,1.15168,6.391685,1.451799,1.155314,6.391077,145.17551084305686,-103.52316065041694
170.69,168.2,1.432683,1.149595,6.362884,1.434087,1.153469,6.360513,120.63211727227261,-109.92133212048412
170.7,168.21,1.413977,1.150269,6.332,1.415509,1.151287,6.330265,131.44441111834254,-146.39632532095928
170.71,168.22,1.416676,1.151895,6.325299,1.395152,1.148419,6.30115,48.28938639666621,9.173728805506528
170.72,168.23,1.376089,1.143634,6.270549,1.373602,1.145091,6.272877,-43.108677093489575,-30.36375126183873
170.73,168.24,1.356342,1.138829,6.2395,1.352509,1.14188,6.240458,-14.032726231629134,-38.51916729767538
170.74,168.25,1.336195,1.135204,6.206889,1.331952,1.138785,6.204505,29.330177898890376,-40.16364027807307
170.75,168.26,1.318781,1.132933,6.173676,1.312012,1.135807,6.165626,49.94054215576183,-23.005235255732057
170.76,168.27,1.300909,1.131429,6.139525,1.292768,1.132943,6.12443,61.661231385401564,-10.535070550565624
170.77,168.28,1.285941,1.131651,6.104048,1.274299,1.130194,6.081526,62.66479826506218,7.133496267155255
170.78,168.29,1.273712,1.131689,6.0674,1.256687,1.127559,6.037523,60.323938333061136,13.63566341513826
170.79,168.3,1.260677,1.130603,6.029824,1.240011,1.125038,5.993032,60.67715647595639,15.071272061207093
170.8,168.31,1.245667,1.126994,5.992218,1.22435,1.12263,5.948659,63.923696096032806,11.569687673678455
170.81,168.32,1.231213,1.122281,5.955261,1.209785,1.120333,5.905015,66.90360374152084,5.194428907735021
170.82,168.33,1.217381,1.117342,5.919518,1.196395,1.118149,5.86271,69.72477185696309,-2.2021787527550907
170.83,168.34,1.203976,1.113149,5.882889,1.184261,1.116075,5.822351,71.96147567266419,-8.441924657336092
170.84,168.35,1.191439,1.110847,5.845607,1.173461,1.114112,5.784548,73.59364521417399,-10.293347374700645
170.85,168.36,1.179572,1.108927,5.808724,1.164077,1.112258,5.749911,75.24013437179154,-12.132378075855492
170.86,168.37,1.16857,1.108392,5.771533,1.156188,1.110514,5.719049,76.7255317571917,-9.724752948404102
170.87,168.38,1.159266,1.108019,5.733044,1.149873,1.108879,5.692569,76.93468778007397,-5.231275770448252
170.88,168.39,1.150525,1.107632,5.694311,1.145213,1.107351,5.671082,77.11910485330395,3.0280725678647196
170.89,168.4,1.109977,1.093977,5.669135,1.142287,1.105931,5.655198,156.66692614935823,-159.6966181438901
170.9,168.41,1.12713,1.101178,5.612249,1.140256,1.104565,5.642317,-113.5833787203884,-165.53115809041813
170.91,168.42,1.127244,1.101133,5.574595,1.130361,1.100966,5.602808,-96.30452594473984,176.93318719354602
170.92,168.43,1.118402,1.09617,5.535292,1.121979,1.097516,5.5636,-97.20172915029461,-159.37903339453356
170.93,168.44,1.10739,1.090463,5.495857,1.113193,1.092814,5.523338,-101.92364375012748,-157.94539433441244
170.94,168.45,1.098767,1.085441,5.456633,1.104459,1.088081,5.484437,-101.56966058162232,-155.11771218799973
170.95,168.46,1.091807,1.080999,5.418056,1.097116,1.083495,5.446047,-100.73961249886241,-154.8196694073902
170.96,168.47,1.085122,1.076332,5.397357,1.085602,1.077825,5.379721,91.55903755505149,-107.82261555007851
170.97,168.48,1.082323,1.072429,5.326102,1.08092,1.074663,5.33929,-83.92745219024383,-57.870296173194205
170.98,168.49,1.07884,1.071522,5.286245,1.077446,1.073763,5.299428,-83.96384661578952,-58.116581276109486
170.99,168.5,1.074844,1.070409,5.249553,1.075868,1.073452,5.258872,-96.27067690529337,-108.59860223445449
171.0,168.51,1.07229,1.06678,5.206942,1.07372,1.071446,5.217144,-97.97908423061203,-107.03885410196689
171.01,168.52,1.070664,1.06148,5.162113,1.070944,1.067019,5.175146,-91.23074892280955,-92.89387508203335
171.02,168.53,1.068524,1.057024,5.120987,1.06811,1.061864,5.134046,-88.1842016322133,-85.11098052570968
171.03,168.54,1.066712,1.051778,5.081122,1.065608,1.056026,5.094105,-85.13958732690647,-75.43184813084504
171.04,168.55,1.065213,1.047122,5.041239,1.063493,1.050816,5.054059,-82.35852244994159,-65.03237493394865
171.05,168.56,1.064517,1.043997,4.99883,1.064245,1.047545,5.012885,-88.89131932431621,-85.6161137962017
171.06,168.57,1.065431,1.041288,4.959352,1.064202,1.044694,4.972705,-84.74135552960517,-70.15884158202235
171.07,168.58,1.067416,1.040715,4.918846,1.065762,1.044138,4.932975,-83.32310518528664,-64.21007972403727
171.08,168.59,1.070632,1.041757,4.878645,1.069066,1.043994,4.89206,-83.34171245289859,-55.00626085930006
171.09,168.6,1.075106,1.039724,4.837326,1.073209,1.0433,4.85079,-81.98014473231082,-62.054899715816745
171.1,168.61,1.079559,1.036502,4.795802,1.077118,1.041102,4.809212,-79.68349826625672,-62.04724584677382
171.11,168.62,1.083984,1.032376,4.754375,1.081895,1.037067,4.76753,-80.97683382094752,-65.99559419964275
171.12,168.63,1.087791,1.028213,4.713879,1.085705,1.032612,4.726598,-80.68603260381335,-64.62975373052524
171.13,168.64,1.092523,1.024732,4.673318,1.088688,1.028489,4.686442,-73.71096478319353,-44.41136544145993
171.14,168.65,1.097826,1.021878,4.633795,1.092366,1.024867,4.646715,-67.0910505402963,-28.69787911452815
171.15,168.66,1.103291,1.019379,4.59356,1.098469,1.022641,4.606223,-69.15344485246433,-34.077674794884
171.16,168.67,1.109589,1.017513,4.552448,1.105442,1.020979,4.565956,-72.93334323169033,-39.88836840387148
171.17,168.68,1.116786,1.016782,4.51179,1.112519,1.020854,4.525163,-72.30337794251986,-43.6604339601304
171.18,168.69,1.124329,1.017127,4.470799,1.119797,1.021221,4.48414,-71.237135920566,-42.09320461605497
171.19,168.7,1.133443,1.015802,4.429851,1.126733,1.019678,4.441936,-60.959486841740784,-30.01267663244562
171.2,168.71,1.143173,1.012599,4.388257,1.134864,1.017252,4.399478,-53.480548455234654,-29.248616359600675
171.21,168.72,1.152822,1.007596,4.347103,1.144378,1.012606,4.357735,-51.54318045319995,-30.681533315513608
171.22,168.73,1.161764,1.002455,4.306197,1.153951,1.007216,4.317174,-54.558223737266275,-31.356834553772103
171.23,168.74,1.170226,0.997066,4.265097,1.162915,1.001774,4.276402,-57.1090491796294,-32.77996199180711
171.24,168.75,1.178971,0.991846,4.223779,1.171687,0.996875,4.235463,-58.059900040293826,-34.621872222933696
171.25,168.76,1.187619,0.988142,4.182785,1.181325,0.99255,4.195321,-63.33996132674363,-35.00545901392615
171.26,168.77,1.19603,0.985955,4.14336,1.191437,0.989115,4.156315,-70.47880547337257,-34.52810712556902
171.27,168.78,1.205701,0.985329,4.103448,1.201498,0.986776,4.11685,-72.58805833409097,-18.99745334340224
171.28,168.79,1.215847,0.985478,4.062213,1.212345,0.98751,4.075486,-75.21968418334721,-30.124015778334662
171.29,168.8,1.226219,0.985609,4.020282,1.222384,0.988517,4.033718,-74.06981207778934,-37.17227864822398
171.3,168.81,1.237153,0.984721,3.977767,1.232551,0.988355,3.991297,-71.21513440994958,-38.296621419680996
171.31,168.82,1.24799,0.9822,3.935351,1.243616,0.98557,3.948396,-71.46365214661103,-37.61287885737852
171.32,168.83,1.259429,0.97818,3.893569,1.255314,0.981703,3.90678,-72.69908394730803,-40.56802516942003
171.33,168.84,1.270694,0.973471,3.852389,1.266987,0.977025,3.866092,-74.86240803165082,-43.79287189306894
171.34,168.85,1.282401,0.968311,3.810624,1.280103,0.972481,3.823637,-79.9852385926166,-61.1417576567835
171.35,168.86,1.293286,0.963486,3.768975,1.291779,0.967402,3.782095,-83.44756182076614,-68.95170490176986
171.36,168.87,1.303009,0.960972,3.727865,1.301311,0.964674,3.741334,-82.81478253443072,-65.36044956068486
171.37,168.88,1.312379,0.960013,3.686956,1.310392,0.962888,3.700461,-81.63008330558173,-55.350469071208735
171.38,168.89,1.321908,0.960906,3.646315,1.319299,0.962509,3.659802,-79.05161738618281,-31.567050385786356
171.39,168.9,1.331826,0.964082,3.605165,1.328131,0.963902,3.618432,-74.43691698483593,2.7889293072403865
171.4,168.91,1.341519,0.966159,3.56324,1.337884,0.965225,3.576526,-74.69854881633421,14.410212160832733
171.41,168.92,1.350674,0.965041,3.51865,1.346871,0.965764,3.532048,-74.15349505160079,-10.764219593887743
171.42,168.93,1.35876,0.962542,3.474859,1.355276,0.964415,3.488342,-75.51171442561389,-28.262495144653464
171.43,168.94,1.367655,0.959458,3.431116,1.363544,0.961585,3.444201,-72.55850476379882,-27.35670013640218
171.44,168.95,1.375929,0.955594,3.388299,1.372206,0.958605,3.401313,-74.03541713027931,-38.96442106171982
171.45,168.96,1.385267,0.95334,3.345543,1.381496,0.956185,3.35878,-74.09863334183989,-37.03242810566945
171.46,168.97,1.39455,0.952862,3.303848,1.390496,0.955011,3.317124,-73.0192645721765,-27.927782382567603
171.47,168.98,1.403089,0.954238,3.262711,1.399134,0.955653,3.275972,-73.3931586388397,-19.685937951446494
171.48,168.99,1.411535,0.957729,3.220728,1.406924,0.958271,3.233953,-70.77849006234972,-6.704069090795852
171.49,169.0,1.419054,0.962,3.177116,1.414571,0.963057,3.190722,-71.76362077529244,-13.266874590065722
171.5,169.01,1.425655,0.965874,3.133474,1.421366,0.967504,3.14678,-72.13401130627906,-20.80889215367553
171.51,169.02,1.431473,0.967656,3.089604,1.42787,0.970257,3.102671,-74.58472372390226,-35.825458285832454
171.52,169.03,1.438125,0.968074,3.045211,1.434602,0.971619,3.058604,-75.26233348089116,-45.178339428202506
171.53,169.04,1.445346,0.967588,3.000592,1.443119,0.971721,3.013827,-80.44854470124146,-61.682712949789355
171.54,169.05,1.454271,0.965598,2.956516,1.450738,0.970811,2.969711,-75.01049189171468,-55.873377616446454
171.55,169.06,1.462103,0.964671,2.913916,1.458777,0.970766,2.925904,-74.4936387773259,-61.37900330041665
171.56,169.07,1.469839,0.966188,2.870878,1.466696,0.971767,2.883738,-76.26606734992968,-60.60471573104371
171.57,169.08,1.477636,0.969736,2.830629,1.474062,0.974187,2.843332,-74.28600696138537,-51.236733089842126
171.58,169.09,1.484837,0.975996,2.788991,1.48105,0.979564,2.802388,-74.2157167856515,-43.29448410058839
171.59,169.1,1.492181,0.98325,2.748254,1.488828,0.986715,2.760375,-74.5371005957867,-45.941119122734385
171.6,169.11,1.499221,0.989672,2.706655,1.496964,0.993085,2.718139,-78.88112635704904,-56.52353331955395
171.61,169.12,1.507044,0.994906,2.663304,1.505133,0.998105,2.674776,-80.54253727879643,-59.146995481108064
171.62,169.13,1.516107,0.999982,2.617579,1.512137,1.001799,2.63152,-74.10455539476175,-24.592746442776942
171.63,169.14,1.524553,1.003769,2.575679,1.519509,1.004356,2.589219,-69.56833708923084,-6.637988061832384
171.64,169.15,1.532982,1.007141,2.533069,1.528338,1.007637,2.546733,-71.22858232804441,-6.096335270932528
171.65,169.16,1.542251,1.01098,2.490962,1.538166,1.012268,2.504756,-73.50370011985798,-17.500056738583492
171.66,169.17,1.552161,1.016487,2.449633,1.547725,1.017764,2.463681,-72.47521241420233,-16.059625864060575
171.67,169.18,1.561366,1.023569,2.409527,1.557437,1.024728,2.423364,-74.14816645846429,-16.4353213791751
171.68,169.19,1.570431,1.032527,2.370012,1.567079,1.033535,2.383291,-75.83286571427546,-16.73687280532459
171.69,169.2,1.579645,1.042183,2.330601,1.5769,1.043885,2.342562,-77.07467226562557,-31.800420512741113
171.7,169.21,1.588787,1.050817,2.290362,1.586742,1.052609,2.301319,-79.42802619947874,-41.22755300815811
171.71,169.22,1.597229,1.056197,2.250042,1.597035,1.05975,2.259665,-88.84507162743587,-86.87465390920589
171.72,169.23,1.612473,1.063747,2.204215,1.608305,1.065591,2.217667,-72.78480216973838,-23.865481420617968
171.73,169.24,1.623197,1.067927,2.162438,1.619014,1.070462,2.175982,-72.836945317045,-31.21688490689434
171.74,169.25,1.634112,1.072639,2.121509,1.629349,1.075019,2.135019,-70.57971101370683,-26.55061414239799
171.75,169.26,1.644894,1.078009,2.082336,1.640003,1.079989,2.095199,-69.18129959422178,-22.039342378083816
171.76,169.27,1.655512,1.085228,2.042487,1.651044,1.086549,2.056109,-71.84057029425554,-16.470736076762666
171.77,169.28,1.665995,1.093655,2.003589,1.66124,1.094243,2.017498,-71.12623833132622,-7.049369588591579
171.78,169.29,1.675908,1.103703,1.965728,1.671404,1.104584,1.979079,-71.35802241940854,-11.06753905785927
171.79,169.3,1.686062,1.115365,1.927018,1.681642,1.115945,1.940486,-71.83092295558215,-7.47573738554876
171.8,169.31,1.696935,1.125414,1.887869,1.692148,1.126049,1.901006,-69.97873247450387,-7.556224035368935
171.81,169.32,1.70802,1.133471,1.847431,1.703392,1.135051,1.860635,-70.68444398441602,-18.849913586510404
171.82,169.33,1.71869,1.139028,1.806841,1.715083,1.142348,1.820178,-74.866362948972,-42.62747378184264
171.83,169.34,1.730014,1.14463,1.767029,1.726543,1.148251,1.780378,-75.42473851237894,-46.21165901219589
171.84,169.35,1.741445,1.151722,1.728379,1.737597,1.153786,1.741956,-74.17618351394901,-28.208331831572444
171.85,169.36,1.752213,1.159062,1.690248,1.748926,1.161033,1.703711,-76.27961763764758,-30.948373738586806
171.86,169.37,1.762863,1.168083,1.653102,1.759463,1.169377,1.666635,-75.89703165736096,-20.836235975078495
171.87,169.38,1.773131,1.179071,1.617045,1.76914,1.179526,1.630574,-73.5641550548381,-6.504010540432927
171.88,169.39,1.783108,1.192306,1.58166,1.7783,1.191651,1.594907,-70.05162892511345,7.757720933373548
171.89,169.4,1.79307,1.205836,1.545749,1.787698,1.204467,1.558767,-67.57604832399356,14.296939095039995
171.9,169.41,1.803463,1.217053,1.50837,1.797529,1.216223,1.521145,-65.08508549536083,7.962413145931511
171.91,169.42,1.813985,1.22656,1.470235,1.807626,1.226696,1.482833,-63.217060678489766,-1.2251986592289774
171.92,169.43,1.824722,1.234637,1.431795,1.817978,1.235705,1.444433,-61.91433740200569,-8.998801021259565
171.93,169.44,1.835089,1.24182,1.393856,1.827875,1.244847,1.405495,-58.20883961359981,-22.76295903315947
171.94,169.45,1.845925,1.249059,1.356232,1.837317,1.254233,1.36669,-50.542137900044395,-31.00876191637665
171.95,169.46,1.855962,1.258767,1.320259,1.847457,1.264101,1.330688,-50.80225959627999,-32.094312284475286
171.96,169.47,1.865047,1.271658,1.286375,1.857627,1.275655,1.298074,-57.6154036372527,-28.310424851730154
171.97,169.48,1.874239,1.286587,1.254625,1.866622,1.289109,1.266108,-56.442553347893934,-18.31978385149808
171.98,169.49,1.88377,1.302483,1.22223,1.876094,1.303416,1.234129,-57.17409053566066,-6.930174135367671
171.99,169.5,1.89358,1.316373,1.188971,1.886171,1.317093,1.200865,-58.080432323740524,-5.550523805006139
172.0,169.51,1.904984,1.327713,1.153332,1.896957,1.330243,1.165232,-55.998846261621246,-17.49413467532045
172.01,169.52,1.916312,1.337174,1.11785,1.907855,1.341454,1.129202,-53.31466829241441,-26.84349879572651
172.02,169.53,1.926926,1.346194,1.083077,1.918382,1.35177,1.093725,-51.25629572531614,-33.12933943471258
172.03,169.54,1.936413,1.356917,1.050026,1.928512,1.361756,1.060964,-54.157757217702006,-31.485557727295387
172.04,169.55,1.945164,1.370356,1.018561,1.937659,1.37328,1.030271,-57.34397815913091,-21.286232952154666
172.05,169.56,1.95383,1.384787,0.988488,1.946473,1.386101,1.000533,-58.583712576032895,-10.126558459762062
172.06,169.57,1.963236,1.400738,0.959865,1.955412,1.400542,0.971838,-56.83657615406918,1.4350235828783973
172.07,169.58,1.973016,1.416833,0.932248,1.964832,1.415202,0.943624,-54.26840930084104,11.270883395299478
172.08,169.59,1.983063,1.43139,0.903649,1.974762,1.428568,0.914385,-52.28905562333769,18.77592959876353
172.09,169.6,1.993406,1.44421,0.873201,1.984641,1.441304,0.8837,-50.14347263948079,18.34272940195387
172.1,169.61,2.003595,1.456158,0.842923,1.994436,1.452636,0.852565,-46.47161192634567,21.03373817399278
172.11,169.62,2.013797,1.467745,0.813492,2.004222,1.463742,0.822563,-43.451676323961166,22.688238487845435
172.12,169.63,2.024017,1.479779,0.783302,2.014866,1.476254,0.793393,-47.79675971969944,21.06687454355479
172.13,169.64,2.033664,1.492121,0.754555,2.024501,1.488454,0.765114,-49.04886542736492,21.81111168226726
172.14,169.65,2.04337,1.505794,0.727583,2.034603,1.501983,0.73787,-49.561013305871214,23.49450300989467
172.15,169.66,2.053733,1.520636,0.702446,2.04501,1.516604,0.712527,-49.13065415397766,24.807621402050408
172.16,169.67,2.065091,1.535327,0.677079,2.05596,1.531648,0.688189,-50.58416581204821,21.945153901635916
172.17,169.68,2.076537,1.548534,0.651878,2.067357,1.545723,0.662347,-48.753299802469165,17.025067488602495
172.18,169.69,2.087383,1.560839,0.625394,2.078109,1.55826,0.635413,-47.21138020779219,15.540679034099867
172.19,169.7,2.098461,1.572468,0.598028,2.088001,1.570588,0.607836,-43.15749111349672,10.189117059722058
172.2,169.71,2.109554,1.583779,0.572909,2.098337,1.582734,0.581153,-36.31424479088747,5.322436174379301
172.21,169.72,2.121635,1.595518,0.548047,2.110041,1.594063,0.55656,-36.28831546480426,7.152993098486488
172.22,169.73,2.132103,1.607799,0.524706,2.121456,1.605657,0.533626,-39.95609615258081,11.375115357745868
172.23,169.74,2.143387,1.620852,0.502945,2.132645,1.618884,0.511786,-39.45544248544968,10.381805159238052
172.24,169.75,2.155541,1.63424,0.4832,2.144273,1.631893,0.491244,-35.52228294327879,11.765852256740176
172.25,169.76,2.168299,1.646438,0.462095,2.157327,1.644541,0.470555,-37.63414896598754,9.80916008631109
172.26,169.77,2.181258,1.657257,0.439698,2.170563,1.656733,0.448936,-40.819407432035305,2.8049555541204136
172.27,169.78,2.19437,1.667071,0.417248,2.183429,1.668008,0.426313,-39.64293290686208,-4.894933546569877
172.28,169.79,2.20703,1.67758,0.395825,2.195963,1.678415,0.404312,-37.48367828343595,-4.314764837210978
172.29,169.8,2.219528,1.687492,0.37633,2.207666,1.688661,0.382679,-28.157407735042582,-5.628324587768844
172.3,169.81,2.232332,1.698738,0.35822,2.219616,1.698867,0.362847,-19.995044348299913,-0.5812285325113644
172.31,169.82,2.245934,1.709039,0.339288,2.233414,1.709465,0.345488,-26.344966038607513,-1.94876910923531
172.32,169.83,2.260931,1.71973,0.322428,2.247761,1.720045,0.329899,-29.565119746155524,-1.3701389611816426
172.33,169.84,2.275158,1.729546,0.308893,2.262724,1.730347,0.314909,-25.819305720184037,-3.68590888795541
172.34,169.85,2.28963,1.738048,0.292377,2.277848,1.739415,0.298308,-26.72045552089561,-6.618119840458673
172.35,169.86,2.305053,1.745522,0.275311,2.292761,1.747899,0.281022,-24.920105413632363,-10.944641713113432
172.36,169.87,2.319161,1.753443,0.260592,2.30682,1.755313,0.263157,-11.741403348042278,-8.616335838591196
172.37,169.88,2.334748,1.76086,0.245692,2.321783,1.762599,0.247683,-8.730553682040323,-7.639506765506385
172.38,169.89,2.352187,1.768255,0.231658,2.337801,1.770585,0.234187,-9.970486881500099,-9.19990851951588
172.39,169.9,2.367114,1.776586,0.219613,2.353152,1.778554,0.22161,-8.139868908610453,-8.023213800002447
172.4,169.91,2.383319,1.784202,0.209395,2.368864,1.786761,0.210517,-4.438410523373733,-10.039181231488564
172.41,169.92,2.398201,1.790478,0.198924,2.385289,1.793535,0.200421,-6.6132701106491565,-13.319887173313742
172.42,169.93,2.416505,1.795451,0.187978,2.401956,1.79886,0.188122,-0.5670714722816688,-13.187169247491955
172.43,169.94,2.433017,1.800071,0.17582,2.419451,1.803923,0.176711,-3.7577268960315737,-15.851638645681746
172.44,169.95,2.450856,1.80562,0.166461,2.43669,1.808804,0.165404,4.2672329388574,-12.667486320790859
172.45,169.96,2.466973,1.809038,0.155263,2.452834,1.812418,0.154403,3.4807086141647865,-13.444531864726622
172.46,169.97,2.48451,1.813522,0.14646,2.470248,1.817263,0.145964,1.9918144411667498,-14.697873851400328
172.47,169.98,2.500319,1.817837,0.136891,2.487192,1.821713,0.138581,-7.336036718298938,-16.450252260049446
172.48,169.99,2.515949,1.821942,0.127965,2.503183,1.826654,0.132502,-19.565067999937487,-20.259377712670094
172.49,170.0,2.53227,1.826492,0.119771,2.519518,1.831305,0.126835,-28.9843625198116,-20.678060863729396
172.5,170.01,2.550078,1.830755,0.116456,2.536489,1.835161,0.119694,-13.402567677987795,-17.964396584026343
172.51,170.02,2.56874,1.832897,0.112753,2.553986,1.838207,0.112263,1.9021700311585061,-19.793925682344128
172.52,170.03,2.587408,1.83458,0.1087,2.572053,1.838378,0.103223,19.630892035540885,-13.893043851029919
172.53,170.04,2.606159,1.833912,0.103945,2.591009,1.838953,0.097034,24.521125560759234,-18.404309978387914
172.54,170.05,2.624654,1.833583,0.098376,2.609057,1.838879,0.091304,24.390515247443616,-18.75504593683974
172.55,170.06,2.642023,1.833378,0.091545,2.627212,1.838807,0.08557,21.969955389539237,-20.1305062046748
172.56,170.07,2.658854,1.834264,0.083148,2.645022,1.839898,0.081231,7.89045500454921,-22.16187203591962
172.57,170.08,2.676333,1.83572,0.079764,2.662743,1.841393,0.077607,9.018734943041515,-22.657574301516554
172.58,170.09,2.693893,1.836643,0.077844,2.680512,1.842152,0.074575,13.728546308881443,-22.37711993801964
172.59,170.1,2.713347,1.835533,0.074784,2.700125,1.841519,0.070116,19.44547468822987,-24.35770341551391
172.6,170.11,2.733161,1.832579,0.071456,2.719793,1.838966,0.069085,10.057606843979235,-25.537667022759003
172.61,170.12,2.751832,1.827888,0.06805,2.739248,1.834888,0.06584,9.960700493937097,-29.085521309282765
172.62,170.13,2.771617,1.822172,0.064651,2.75938,1.830319,0.062295,10.897856495235207,-33.654396165172344
172.63,170.14,2.791713,1.816033,0.061251,2.779762,1.825065,0.059616,7.790195629990072,-37.08026171214829
172.64,170.15,2.81009,1.81036,0.058322,2.798305,1.819176,0.056136,10.508363272724491,-36.79904488074645
172.65,170.16,2.828868,1.805561,0.05524,2.817249,1.813788,0.053967,6.25249750690529,-35.300950651298436
172.66,170.17,2.849092,1.801889,0.056323,2.837207,1.809733,0.053416,13.7443551901614,-33.42447537410919
172.67,170.18,2.869213,1.797785,0.057022,2.856942,1.806168,0.053727,15.03047084920225,-34.33914739614602
172.68,170.19,2.888884,1.793731,0.05743,2.877042,1.801843,0.054882,12.142990285605807,-34.41190079766162
172.69,170.2,2.909281,1.787818,0.057761,2.897583,1.796609,0.05653,6.007221232870288,-36.924714885537576
172.7,170.21,2.92963,1.781609,0.060404,2.918433,1.78972,0.056605,18.741422388433723,-35.91921365754429
172.71,170.22,2.950471,1.773884,0.06147,2.939491,1.781403,0.057331,20.654341242881664,-34.40297375686956
172.72,170.23,2.972204,1.764773,0.062778,2.961286,1.772842,0.058177,22.851247558995667,-36.466430742724135
172.73,170.24,2.992599,1.754867,0.06459,2.982438,1.763294,0.059651,25.923191104466515,-39.67053022320484
172.74,170.25,3.012911,1.744448,0.066179,3.002373,1.753358,0.061105,25.710607678000592,-40.21490323463056
172.75,170.26,3.033121,1.734833,0.068556,3.024554,1.743862,0.063055,32.70513235538074,-46.50401056534284
172.76,170.27,3.053421,1.725611,0.073494,3.044747,1.735092,0.066795,37.67919781231902,-47.54515434652112
172.77,170.28,3.073261,1.717125,0.078753,3.065383,1.726372,0.071321,43.33137212813156,-49.57059678208321
172.78,170.29,3.09338,1.707076,0.083477,3.085729,1.716552,0.077183,39.44199776011057,-51.08230958024909
172.79,170.3,3.113884,1.696439,0.088386,3.105824,1.705955,0.082252,37.2726653391432,-49.73558303502979
172.8,170.31,3.134577,1.685013,0.093234,3.126548,1.694206,0.08702,37.73788069899054,-48.8666247649262
172.81,170.32,3.156357,1.672357,0.098257,3.148045,1.681939,0.092042,36.78598505397974,-49.059675232716955
172.82,170.33,3.177339,1.659336,0.103579,3.169866,1.668754,0.097191,40.524174631773114,-51.56868296546413
172.83,170.34,3.197537,1.646104,0.110307,3.190499,1.655464,0.103101,45.67574028755778,-53.05964954058541
172.84,170.35,3.216925,1.63369,0.118347,3.211532,1.642352,0.109566,58.44312879744215,-58.09342201907152
172.85,170.36,3.235817,1.621818,0.128554,3.231259,1.629944,0.118428,65.76613791261182,-60.71125407465488
172.86,170.37,3.255699,1.609049,0.139648,3.250577,1.617833,0.129887,62.31214737349309,-59.75329722147933
172.87,170.38,3.275028,1.595032,0.150166,3.270024,1.604177,0.141135,61.00953756654305,-61.31321560533352
172.88,170.39,3.294976,1.579967,0.160568,3.289266,1.589349,0.152051,56.1611568804141,-58.674794563229376
172.89,170.4,3.31499,1.56401,0.171361,3.309873,1.573635,0.163235,57.801087028531704,-62.00326387117914
172.9,170.41,3.333995,1.547938,0.183223,3.329688,1.557697,0.174521,63.66718137720131,-66.1863960576496
172.91,170.42,3.352126,1.532169,0.196472,3.348679,1.542125,0.187575,68.82194007426531,-70.90295022530572
172.92,170.43,3.368958,1.518099,0.211056,3.366682,1.52701,0.201207,76.98796484981565,-75.67214287273215
172.93,170.44,3.38376,1.504603,0.227502,3.383208,1.512866,0.216607,87.09956405405428,-86.17810145714186
172.94,170.45,3.399982,1.488794,0.243859,3.398638,1.497635,0.233697,82.4659331237499,-81.35613325366302
172.95,170.46,3.416452,1.471959,0.260193,3.41506,1.480559,0.250313,81.98034407347434,-80.80581731460192
172.96,170.47,3.433384,1.453071,0.277371,3.430878,1.462718,0.267789,75.34359329676673,-75.43813471592678
172.97,170.48,3.448498,1.435196,0.294872,3.447252,1.444168,0.285424,82.4872008784348,-82.09353343253305
172.98,170.49,3.46271,1.417518,0.314415,3.462595,1.426494,0.303963,89.36961837189655,-89.26596990200113
172.99,170.5,3.475774,1.40139,0.334188,3.47691,1.409699,0.323244,95.92614562473464,-97.78516658509542
173.0,170.51,3.487014,1.385655,0.355594,3.489394,1.393645,0.343942,101.54425427645212,-106.58733855692785
173.01,170.52,3.498631,1.367895,0.377698,3.499679,1.376495,0.366785,95.48542164404758,-96.94783376780599
173.02,170.53,3.510704,1.349288,0.400527,3.511562,1.357589,0.389559,94.47300025479144,-95.9011957930522
173.03,170.54,3.522749,1.328961,0.422715,3.523467,1.337947,0.412612,94.06506187965262,-94.56834591624708
173.04,170.55,3.533937,1.309013,0.44586,3.534757,1.317831,0.435924,94.71782493081527,-95.31274793909654
173.05,170.56,3.54375,1.289695,0.470065,3.545517,1.298175,0.459685,99.66092030179584,-101.77044742245114
173.06,170.57,3.551965,1.271275,0.495065,3.555205,1.279464,0.484105,106.46875625365512,-111.58636255195954
173.07,170.58,3.558804,1.253863,0.520943,3.562979,1.261485,0.50977,110.48914048434821,-118.71201050410568
173.08,170.59,3.564497,1.235703,0.548092,3.568657,1.24382,0.537402,111.26343675624035,-117.13534926123613
173.09,170.6,3.570698,1.216783,0.575411,3.574121,1.224769,0.564692,107.71033594623825,-113.20118813705278
173.1,170.61,3.576374,1.195006,0.603083,3.579426,1.203947,0.592577,106.19861618918789,-108.84727953202861
173.11,170.62,3.581576,1.172814,0.630538,3.584567,1.182098,0.620575,106.71032322218568,-107.85723642271799
173.12,170.63,3.586112,1.151678,0.658316,3.589286,1.160782,0.648453,107.83863116704391,-109.22049416121618
173.13,170.64,3.589401,1.131956,0.687612,3.593391,1.140658,0.677515,111.56229054279306,-114.63217939736182
173.14,170.65,3.591233,1.11475,0.717505,3.595976,1.122318,0.706755,113.80751813709286,-122.07610275191065
173.15,170.66,3.590722,1.09812,0.747843,3.596154,1.105328,0.737231,117.10669682222975,-127.00193874051693
173.16,170.67,3.589889,1.079714,0.779568,3.594911,1.087323,0.768061,113.57790023060333,-123.42512589313567
173.17,170.68,3.589324,1.059642,0.811241,3.593573,1.067993,0.800856,112.25181636217506,-116.96705305675553
173.18,170.69,3.588762,1.038906,0.843221,3.592975,1.047634,0.833172,112.74565796900038,-115.7665738492201
173.19,170.7,3.587402,1.018137,0.875567,3.592051,1.026548,0.865399,114.57076675513713,-118.93068271226406
173.2,170.71,3.58503,0.99839,0.908348,3.58991,1.006562,0.897888,115.01089580414373,-120.84400336548877
173.21,170.72,3.580866,0.980811,0.941276,3.586155,0.988483,0.930662,116.48726534929988,-124.58199084868816
173.22,170.73,3.575258,0.965761,0.974541,3.58117,0.972527,0.963455,118.07034088585155,-131.1463330637138
173.23,170.74,3.56806,0.951714,1.008238,3.574558,0.957426,0.996967,119.96447334747707,-138.68324571126647
173.24,170.75,3.560876,0.934525,1.042975,3.566923,0.941249,1.032032,118.92463145321787,-131.96554933008912
173.25,170.76,3.553625,0.916506,1.077968,3.559529,0.923407,1.067124,118.56601792951555,-130.54792051225553
173.26,170.77,3.546208,0.898254,1.113261,3.552088,0.905096,1.102365,118.35341039954702,-130.67569218160992
173.27,170.78,3.538395,0.880448,1.148461,3.544771,0.887243,1.137584,120.37845007460746,-133.17790312014273
173.28,170.79,3.530157,0.865082,1.184238,3.536084,0.871056,1.172914,117.62763321165639,-134.77372593586594
173.29,170.8,3.52057,0.851734,1.219104,3.52671,0.856505,1.207419,117.72012980248972,-142.1515131488444
173.3,170.81,3.509469,0.84071,1.254094,3.516363,0.84405,1.242179,120.05360571427303,-154.15077430533393
173.31,170.82,3.497368,0.82933,1.290364,3.503544,0.83273,1.278251,117.01546263757825,-151.1664189733133
173.32,170.83,3.485227,0.815942,1.327736,3.490803,0.820587,1.315623,114.71812239670241,-140.20453737069752
173.33,170.84,3.473749,0.801554,1.365159,3.479142,0.806564,1.353416,114.66706291470496,-137.10846648926994
173.34,170.85,3.462228,0.786616,1.402424,3.467743,0.791807,1.390908,115.58971019265982,-136.7334362320021
173.35,170.86,3.449971,0.771637,1.439072,3.455337,0.776478,1.426893,113.77802408490307,-137.94443025202517
173.36,170.87,3.436972,0.758478,1.475473,3.442287,0.762811,1.462968,113.02694731191626,-140.8117080730158
173.37,170.88,3.423298,0.746935,1.511302,3.429461,0.750624,1.498863,116.35647560009092,-149.096436710157
173.38,170.89,3.408993,0.736368,1.548901,3.41449,0.739809,1.536497,113.9011729434553,-147.95434745807907
173.39,170.9,3.394597,0.727759,1.586291,3.400031,0.731498,1.574645,115.01366141953885,-145.46910860657684
173.4,170.91,3.380046,0.720771,1.625279,3.385155,0.724033,1.612967,112.53654444726261,-147.44253751050718
173.41,170.92,3.365086,0.711613,1.662913,3.37054,0.715288,1.651605,115.7486364748491,-146.0272253299235
173.42,170.93,3.34929,0.701132,1.701549,3.35486,0.70478,1.690404,116.55476837397394,-146.77772066282327
173.43,170.94,3.332672,0.688765,1.74056,3.33866,0.693353,1.729017,117.41829595027816,-142.54069790332449
173.44,170.95,3.316648,0.676772,1.778057,3.322451,0.680478,1.766585,116.83212526649073,-147.43626656958003
173.45,170.96,3.300839,0.664503,1.815967,3.306528,0.667898,1.804171,115.74718262257163,-149.17269704673566
173.46,170.97,3.285422,0.653036,1.854827,3.290644,0.657024,1.842981,113.78903206153886,-142.631314487878
173.47,170.98,3.270088,0.642977,1.893577,3.275408,0.647206,1.881556,113.87220999391404,-141.51794028483866
173.48,170.99,3.254619,0.634772,1.932171,3.260082,0.638463,1.920118,114.38232255065058,-145.95561956219856
173.49,171.0,3.239035,0.628776,1.970804,3.244342,0.631205,1.95869,113.65765687295604,-155.40655428756202
173.5,171.01,3.223423,0.624519,2.010231,3.228235,0.626209,1.997755,111.09165417967223,-160.64845375424622
173.51,171.02,3.207732,0.620094,2.049053,3.212811,0.620654,2.036822,112.55097706218343,-173.70810059425673
173.52,171.03,3.19152,0.615779,2.085204,3.196151,0.614439,2.077556,121.19565079224998,163.86197007029585
173.53,171.04,3.173791,0.604125,2.131594,3.178645,0.606441,2.119354,111.63172371718365,-154.49268485360403
173.54,171.05,3.15726,0.595272,2.172093,3.161938,0.59813,2.159018,109.68629647369713,-148.5773708002127
173.55,171.06,3.140821,0.586269,2.212238,3.145752,0.589161,2.199157,110.65438350599118,-149.60864933079233
173.56,171.07,3.124948,0.578175,2.252106,3.129746,0.581093,2.238655,109.63142434133951,-148.6932847987492
173.57,171.08,3.109579,0.572439,2.29092,3.114245,0.574124,2.278302,110.2938488975412,-160.14418213923423
173.58,171.09,3.094445,0.567654,2.331069,3.098979,0.569441,2.318852,110.36100833585068,-158.48895301322582
173.59,171.1,3.079965,0.564779,2.372563,3.084415,0.566826,2.359261,108.49695162621944,-155.2975697722277
173.6,171.11,3.066544,0.563489,2.41436,3.070569,0.565873,2.400985,106.74835769660268,-149.36181996968295
173.61,171.12,3.053114,0.56169,2.455717,3.057292,0.564074,2.443111,108.33671822755426,-150.2905758360783
173.62,171.13,3.038645,0.559155,2.496052,3.042769,0.560959,2.485313,111.00783095106343,-156.37353763999698
173.63,171.14,3.023112,0.554754,2.537998,3.027429,0.557339,2.527395,112.15364272408013,-149.08701681071585
173.64,171.15,3.007105,0.549877,2.581834,3.011086,0.552199,2.569172,107.45342439762535,-149.74624748549437
173.65,171.16,2.993457,0.54616,2.623523,2.996653,0.548373,2.61071,104.00572669139176,-145.30018562280557
173.66,171.17,2.981517,0.543795,2.664859,2.98445,0.54536,2.651782,102.64148955726651,-151.91636109446125
173.67,171.18,2.970784,0.542526,2.706024,2.973188,0.544832,2.693438,100.81358141701523,-136.19196949420333
173.68,171.19,2.961031,0.544015,2.748536,2.963188,0.545589,2.735159,99.15992309295693,-143.881127609231
173.69,171.2,2.952469,0.54665,2.790561,2.954614,0.548553,2.777957,99.6582951267612,-138.42121927643032
173.7,171.21,2.944127,0.548767,2.83471,2.946609,0.550493,2.820288,99.76484502604241,-145.18498099612057
173.71,171.22,2.935461,0.548165,2.877929,2.938249,0.551054,2.863628,101.03152651899357,-133.98075334020442
173.72,171.23,2.926379,0.547596,2.922152,2.928655,0.550087,2.908088,99.19257255048062,-132.4176106391352
173.73,171.24,2.917457,0.546192,2.963619,2.91899,0.548327,2.951089,96.97526501361062,-125.67958655321974
173.74,171.25,2.909117,0.545914,3.006166,2.91015,0.546916,2.993696,94.73550202838899,-135.8727428959311
173.75,171.26,2.902116,0.546741,3.049906,2.903172,0.547881,3.036116,94.37900582087556,-132.80942613596835
173.76,171.27,2.89699,0.54853,3.092582,2.897762,0.5496,3.0786,93.16031149881142,-125.81027239542597
173.77,171.28,2.893933,0.552029,3.133591,2.894583,0.553468,3.120751,92.89801339679195,-114.30881639281174
173.78,171.29,2.892664,0.556914,3.177291,2.892893,0.558375,3.163973,90.9850909028917,-98.90817241497507
173.79,171.3,2.892177,0.559588,3.221915,2.892869,0.56153,3.208073,92.86199233116947,-109.61269553636014
173.8,171.31,2.891571,0.561243,3.265377,2.891956,0.56328,3.251838,91.62884498074918,-100.70284759616165
173.81,171.32,2.890014,0.562149,3.307845,2.889735,0.563592,3.295251,88.73091089692643,-79.05704908563582
173.82,171.33,2.888427,0.562,3.349716,2.887711,0.563258,3.337307,86.69769182970752,-60.35331188800262
173.83,171.34,2.886811,0.561815,3.391346,2.88561,0.564712,3.382395,82.35798293029879,-67.48272739993097
173.84,171.35,2.887063,0.565503,3.435363,2.885966,0.567223,3.423829,84.56693519901661,-57.47064817249286
173.85,171.36,2.889512,0.570291,3.478327,2.887499,0.57156,3.46569,80.94916093067296,-32.22742908373338
173.86,171.37,2.893885,0.576559,3.518352,2.891413,0.577079,3.507407,77.2729128760401,-11.879312781267085
173.87,171.38,2.899749,0.583791,3.56092,2.897152,0.583499,3.54847,78.2173772459274,6.41524638985447
173.88,171.39,2.905061,0.589676,3.601579,2.901556,0.588667,3.58883,74.62782254204002,16.059758582405493
173.89,171.4,2.90858,0.592633,3.644723,2.906201,0.593323,3.631802,79.56760355165272,-16.174158403224983
173.9,171.41,2.911984,0.59516,3.686688,2.909667,0.596535,3.6744,79.3217989558314,-30.686579875552905
173.91,171.42,2.917125,0.599341,3.731469,2.913673,0.600216,3.716806,76.75251082867625,-14.223547671402601
173.92,171.43,2.923564,0.603356,3.771531,2.920053,0.60484,3.758063,75.38865135019537,-22.912400188928803
173.93,171.44,2.930508,0.607745,3.806146,2.928127,0.610827,3.797008,75.39571794562848,-52.312109210088224
173.94,171.45,2.94069,0.615246,3.841768,2.938655,0.61888,3.835284,72.57556213070629,-60.75165376885945
173.95,171.46,2.955464,0.626826,3.884948,2.950611,0.627499,3.873106,67.71556684322222,-7.895257788617331
173.96,171.47,2.968493,0.63465,3.923672,2.963013,0.63502,3.910973,66.65835119789575,-3.8626482096696044
173.97,171.48,2.979998,0.64036,3.962829,2.974938,0.641309,3.950577,67.55967835216792,-10.622389929797535
173.98,171.49,2.991759,0.644359,4.002272,2.986086,0.646091,3.990072,65.06157234454096,-16.97773620534784
173.99,171.5,3.003234,0.649202,4.040634,2.997885,0.650993,4.028837,65.60949275959636,-18.512036942587912
174.0,171.51,3.015751,0.655625,4.079366,3.01052,0.657609,4.066711,67.54202983833336,-20.77060372570367
174.01,171.52,3.029472,0.663269,4.115141,3.023922,0.664999,4.10302,65.39776114498076,-17.312868105978332
174.02,171.53,3.043701,0.670111,4.145669,3.03922,0.673769,4.137733,60.549096591411825,-39.2259872840093
174.03,171.54,3.062937,0.682834,4.182864,3.056323,0.682918,4.171884,58.9365880690127,-0.7276363374611097
174.04,171.55,3.081221,0.691631,4.216976,3.074222,0.691396,4.206206,56.98174258229464,1.923053551893556
174.05,171.56,3.100003,0.697986,4.25252,3.093481,0.698358,4.240373,61.76763942869009,-3.264483492436134
174.06,171.57,3.118557,0.702984,4.288416,3.11223,0.704446,4.275866,63.24534309161756,-13.011150079634332
174.07,171.58,3.13634,0.706946,4.322904,3.129822,0.708901,4.312068,58.97252453252092,-16.69601834733264
174.08,171.59,3.154391,0.711807,4.359182,3.147698,0.713572,4.347013,61.18902551495425,-14.773055043451762
174.09,171.6,3.172122,0.717578,4.392769,3.165968,0.719286,4.380991,62.41295143105459,-15.511625326881754
174.1,171.61,3.190325,0.72504,4.425997,3.184264,0.726455,4.4137,63.762029315356514,-13.140895349515395
174.11,171.62,3.20844,0.734709,4.457805,3.202527,0.735322,4.446165,63.06989998288672,-5.918703367611702
174.12,171.63,3.226658,0.744926,4.488894,3.221204,0.744858,4.47806,63.278622697890974,0.7143218085072096
174.13,171.64,3.245772,0.752831,4.518727,3.240852,0.755282,4.510731,58.395696223031194,-26.48114235810859
174.14,171.65,3.268518,0.761963,4.554801,3.261558,0.763733,4.543615,58.10986464818943,-14.268443937373997
174.15,171.66,3.290326,0.768291,4.587351,3.283186,0.77012,4.576298,57.138410422370406,-14.368072236533552
174.16,171.67,3.31166,0.772967,4.62024,3.304381,0.774603,4.608531,58.13249607236252,-12.667084331771559
174.17,171.68,3.332357,0.77731,4.653225,3.325672,0.779378,4.641559,60.18587880469351,-17.189415731132613
174.18,171.69,3.352957,0.781789,4.685902,3.345798,0.784272,4.67376,59.476129660756584,-19.1283947642772
174.19,171.7,3.371592,0.786873,4.716058,3.365135,0.789261,4.705009,59.69812248808913,-20.295965857805196
174.2,171.71,3.389318,0.796564,4.749828,3.384512,0.796041,4.735964,70.8809623472798,6.210619767426984
174.21,171.72,3.407938,0.803674,4.78027,3.403092,0.804238,4.766997,69.94275651465658,-6.638482982001378
174.22,171.73,3.426278,0.811874,4.808809,3.421513,0.814273,4.798909,64.2978771963097,-26.723551965137794
174.23,171.74,3.446715,0.823293,4.843593,3.441134,0.823928,4.830609,66.74019095138807,-6.49113576707738
174.24,171.75,3.466557,0.831406,4.87607,3.461346,0.832806,4.863315,67.77774279387093,-15.038122022291347
174.25,171.76,3.486839,0.837396,4.909131,3.481872,0.83948,4.896026,69.24250812654563,-22.761418553785433
174.26,171.77,3.506635,0.841934,4.942059,3.500986,0.843676,4.929215,66.25932624553599,-17.13835845237301
