0,1,2,3,4,5,6,7,8,9,10,11,12,13,14,15,16,17,18,19,20,21,22,23,24,25,26,27,28,29,30,31,32,33,34
29.3275998598672,32.86492182634488,20.467652139933545,28.409027439289073,33.16993582152093,20.258593723069314,21.022804219956058,24.751237300075637,33.18377925445431,33.1880246954094,35.39555381742229,30.419882039203944,30.72578990103881,30.778641895422098,34.36808955897969,34.95042309585128,30.923571820368736,35.3593831610548,30.321724517506755,32.846356630585014,38.21236765111285,46.1707462674764,32.642904290254236,43.25179312332257,48.49061281364413,38.763089919539965,40.78724406016832,30.396520650583163,41.47621410567052,30.929203012656952,30.93523722376463,32.5317740982722,34.03762730391352,31.735677684718482,24.359288606079705
31.264447916498717,31.91081750298713,23.176782275177047,27.62361869103008,32.052420014855386,23.714615325135227,17.99803153569551,28.59463709852618,34.904886050629074,31.613411322227776,32.703911775385805,30.824807581631127,33.16553694485614,34.18129037572044,34.04727135127568,35.805600279135355,37.07698238507482,41.71202618089103,33.43319596186887,41.99359255330754,47.44928898477226,52.03610075832946,43.36734319393391,45.67387790596284,47.84608979643348,41.108260527768955,43.33781614862344,34.356807109560755,43.87427222764744,31.698514741536226,30.983772041239963,33.81091202382169,35.61737252436002,31.31286099173208,22.031143777421978
31.377284976544665,30.994794959644498,25.56188490437047,29.443694150924586,31.817357920823333,28.775282390175192,33.135176817972905,35.919974386763144,39.259806995089406,31.332414121024556,37.250496169021815,34.14287839016854,39.43289820938648,38.86510315831122,41.27280329519742,42.501163900048105,46.33194751386534,49.69165995768643,37.669580180572446,47.210205479480166,52.1518896620109,56.269219882404236,54.8361213473419,50.66706404167044,50.69704808207352,46.33371676869618,46.4310265807593,36.785184340240455,48.66145790158547,38.48644578241304,38.10241765160143,38.79427499497976,35.825877599152214,30.299383119505045,26.5088181740759
31.4655871068695,33.799688457100984,26.42780363964919,30.4941029626958,31.17889536022381,26.184012466757448,24.481067608401176,32.873723911385355,40.58853519076425,32.22863601480857,39.79260867628065,37.25855402183617,39.83818456321878,42.67733015295771,39.977706416144244,43.807995796034625,45.37061169225267,50.2074379064162,36.86172847791443,47.89287471283429,51.21640258725264,54.957369119253144,52.647809092263465,50.97734103300853,52.29613311119821,51.11042979730365,43.93815247772238,40.21678573348246,43.435717500613464,35.420990269858166,36.38411879901148,36.425255007783086,34.41164235564026,31.502453892097076,22.217412259614854
34.5195127814793,41.36880380906695,33.41940901964632,33.65233427674839,36.78416394311012,27.831872671711576,33.00150658383466,39.66689064073686,42.75758646935419,36.389599246927006,46.250592310972046,42.459422770481524,41.784863797305675,46.31611870940429,45.54967226045525,49.668808560279906,47.98727148129574,43.53109680025662,36.328957511787856,43.89696756084579,51.570220605949,45.953731808551765,52.12346501046265,49.87470837334432,50.96457266986227,47.24430224897555,48.26640862166456,44.20303140963769,46.394752262962854,35.02131461804612,38.29018332166984,37.279579617083115,37.89820791592138,33.47415275227648,23.62983990369952
37.926348204257295,39.2833547658964,34.56430179210759,40.78861703220282,43.971585057517224,35.11935459405289,37.649133575558345,41.42037579820476,42.355354394826456,40.462688627648475,46.896051628785585,46.26277545948871,50.86053266260846,50.80604363644069,50.36137022442895,56.89058775951412,56.40510740170128,56.97480573031915,43.00098908764747,57.84634794681952,56.77560699073674,43.59335499143694,54.97630917445625,46.487526644840706,51.10615814119812,48.33666243361898,53.70640974641656,51.013477386905286,54.69662916271365,39.25639469135645,39.02473174505915,41.96396201997884,38.34185554876417,41.88591652152879,31.30519130354596
39.89396614451361,39.94848369458107,35.865114577386294,39.748929916190605,43.01265119586454,36.43844978695836,38.002245341553184,47.28290015383046,41.65568938520743,41.74250415615526,49.45890617963909,48.58715233026481,47.58554477415653,53.951303490129725,51.92499089907625,57.92979777957801,56.04348447664579,56.187752085912805,43.72079116267137,57.53518066319689,55.20336445849024,41.295946247043815,51.500722345946,44.94011473056725,47.137016502018774,42.75212749496259,51.52222866051611,52.11823447909357,55.38433313757714,40.06478487512467,37.474307585149255,48.84573820090189,39.67123068078519,47.95335657473807,29.010246125907738
41.390319602319614,43.25463935330469,36.86252714178529,43.703515745634704,50.38432981495116,44.42682679565696,47.89425949326704,56.313501139808345,49.813569437885306,52.09922140961153,56.97932801702902,57.32905960727207,57.020833838501304,61.73331565474007,56.46502695166672,61.30465254470942,57.254954173746206,55.708297510255065,44.77908553401883,56.83397585727693,50.710667297909524,43.508108930252554,47.72146978450858,46.463609169480094,45.12985200345986,36.13077327345993,46.41021059730498,49.75166710024698,54.05600076992121,48.79627552514494,47.94612210909532,54.18395827425815,49.59743347961581,52.97220278258941,32.188718856009395
43.35373046055838,41.18828617985863,35.78023822778444,45.20473788776941,50.794756656326854,45.46215753497497,46.59576470857267,55.39495830972666,52.2338235499027,52.881916124955744,60.57337769291102,59.44952308415992,59.94804668667216,59.34729951533995,57.9409356723027,57.607638070998156,50.28767090267428,45.171340988839546,40.32777168171252,47.71833271151458,40.00197467803182,44.16840046153714,38.91622905689949,44.0454718495327,42.029943627638524,39.69001681936559,43.47161279483395,41.01625837438981,46.57306412771094,47.62047065823492,51.18686322678132,48.866380172670176,47.2923292495922,47.6419008779814,29.248184974618113
42.611125482339666,44.149887801436584,39.591617818144556,47.286464865383714,60.13562029022762,48.15778422627307,46.90509897855891,57.36450266010799,55.68295133249242,54.79588359290235,61.316914850555044,59.08391959351442,59.65024391724312,61.05814146257201,55.05185745225404,52.875069967589255,46.21167888716925,36.91273061073728,39.05220873476958,41.46131780738606,40.246371338525776,39.32718298596769,42.963287246650914,41.04562481071016,36.410051085217944,32.506235215606,38.81690766911854,33.10961891144569,40.7525153810969,39.046481896133194,44.734242798491806,38.225564252855925,41.28457830446186,36.55688093945953,33.29032321516383
43.35376762973963,37.822853298114616,39.66571593861152,47.587750237895875,52.29789146746748,46.91287256655187,44.61100897548475,57.19767190998439,55.61640648918039,54.90816391646492,57.90896600933215,56.07731033076368,57.68294043162759,54.291089352163795,51.970256581366066,48.08654724108035,40.02640254086189,25.148145221081535,36.008492195209506,35.81536088513138,38.243808543608104,26.660170937147253,32.181769908465164,22.848092981396533,23.13449968293775,17.1842700617704,32.21294483359637,26.884249712387927,37.85691781442223,29.113802656710448,38.96934435226321,42.118493887329144,41.79659973329697,33.10726333813186,31.562947069639932
48.87798970056224,53.16346645702226,47.392522207448785,52.32026427677211,56.3992502142141,51.20919769271393,45.887527289353365,60.21754876447528,61.61874707023172,60.25216527212112,63.026896570005235,58.97252766407789,59.098116852239905,51.92431310969514,49.30263342110962,43.85427849695949,29.94282519485115,29.025497500376506,42.3682345113359,43.905811853489695,42.279414096584176,40.104205191677494,36.44161009484043,34.66647703299704,38.44724118413579,23.31476857652923,32.346231345202675,18.11759567841782,31.614374578931244,30.847879352719758,36.58236453485919,35.59911942364341,30.385013238590787,27.40184937575963,38.15409352299707
51.06962123458447,57.56621862500299,51.905192116737155,53.11394537619224,58.583144968633476,46.86217555907652,37.58864260980042,54.256975721973234,61.24461492181727,58.75310524986866,58.93236531570008,49.56196590749336,47.03429379042828,40.74664053989087,37.49807582788602,34.8583924439117,34.46122873613275,28.98127969892344,37.28711629379302,41.11464682219313,37.26181084880115,33.813348799472806,36.34769063039442,33.55112598697118,38.51865930834878,24.085584799660896,39.175351091660524,26.163021629881932,33.46621701936175,27.97339083302453,32.102942842624834,37.86329753581817,29.613591657498425,28.23152404731342,36.10161990841276
53.81243050211091,55.89237505297866,58.29800618799435,52.047156812338784,51.044640906568816,38.87995333156447,30.613044658478895,40.60957126601907,50.51176585488733,44.59277759559589,45.07897875225325,39.56141356748384,40.777431848580264,37.26367168322551,34.33242092484213,32.84687726615931,31.700948474192106,34.13795524126756,35.70435639702594,40.55488408156927,38.58177440383255,21.818601764523166,32.087379527042636,27.74655989581955,29.017818265381596,24.531250801525566,36.998249662940985,21.364689951503827,26.862560362774268,22.31424213814387,25.07566623908053,35.77534272759135,29.64328381229244,30.232731741021972,37.83618159776853
48.1619982148519,52.09273668822803,57.049781231554256,45.307646401806416,41.47068331376393,34.59149785666815,32.056136060557776,34.61822646594742,41.06878024699243,39.270148678149226,43.1152765987219,37.68931028979476,38.14962443100712,37.240173774498544,30.14504584276158,29.770269944352574,27.11405668673548,29.821526912212576,36.05538015974949,34.4259686625752,37.70864732451423,26.88968100275611,24.703844928635423,25.189995753943847,35.21468457527995,22.138920029924147,28.595587112156995,28.569266301369098,25.473913243761253,24.046399213764875,24.216619039417157,32.99047398181932,29.82919624658476,27.93536592959051,41.03529655591299
46.35532826968013,49.862042110562506,56.49421952366367,38.41851902841303,40.41258984045834,34.99360475036599,31.39721998171938,38.312806029374684,41.38962041797201,38.33854841631791,41.12186352102248,36.16650848528083,37.239503539921664,34.58172805601835,28.660794798139783,27.248861069792355,27.954013267949094,29.69575817498943,33.58608943223524,33.17378899739772,36.03307090576075,29.589804263976312,29.0415180485434,24.972354772384527,35.96667895031842,29.510904315086492,35.05365937657679,24.00565192450224,27.848984974108358,25.441346805403313,26.016763615602287,35.78440843316456,32.85030493714717,30.007405164724354,42.53149680751797
40.76363302156636,43.41421259950015,43.99606055614578,29.341896055602085,35.81856189079015,31.111847034197037,23.60462756419852,32.951317375914876,36.740907441474796,32.3113120638411,38.68275243438765,28.73295076193346,32.14264230537921,29.139113468849057,24.605893723938873,27.566473603611485,25.52810771622291,28.536447246328244,41.34904763165494,34.01471405617172,39.24568991570568,27.028049678973428,27.94050560857173,27.26898434217349,29.732705865189423,26.310003248868433,34.82256609457176,32.43471037188067,30.786941547149887,23.17105271544812,25.232476750340595,33.158128547519766,29.345358176092912,32.50387524912074,39.698280641039524
36.49403457816201,37.79072411672044,34.82610754154369,23.897669877222857,29.27892981048312,26.813568233605853,22.857459105363205,34.26785476484778,38.36185820974735,29.364472010766814,33.30562099148847,29.279215253769074,30.247886970043428,29.449641222721667,25.07586111728714,24.644137379594678,24.44169315243304,32.11160015493195,37.95129755792324,32.122012929109474,27.79283176717577,29.788722877796594,24.471335725997633,23.080339778606785,32.64612034864216,24.35356692603751,36.36401745435769,24.525530247092718,36.914320810735774,25.28829609091125,23.469937772326297,32.264369168947155,28.514973788564582,29.306023938039324,41.33585942430437
27.79185105609311,37.481147549061134,32.47650016861944,19.694790755727347,28.642983740522567,25.866923576379882,20.421247699061933,34.768157189871374,39.97564188625773,31.656659982876512,35.9531105603498,34.99203368960138,35.793118602413415,30.32874930753544,31.749254780051533,27.83994558950517,31.382094039470374,24.63102391011931,37.57489770383762,31.969838340683065,32.23372641886999,27.936515630926422,28.062373505841748,33.25294447820659,38.93354312064965,25.47208384787867,33.575879160601055,26.46960714248071,39.1652577150488,27.7455231472683,28.908047728852228,33.41915122852349,28.68889777582944,34.533446201670614,36.16511193643116
22.010600310451608,27.003450521871727,24.00480831704306,22.853694958421983,27.85764199881131,24.95623104791687,17.72402955183074,34.46278112244196,35.484409250846525,30.764027118183225,33.05779803179598,30.551542205531074,32.09450767390295,25.949468533971803,26.240102087024393,23.91489238659073,21.298847384283526,20.53121638504336,29.34969143591349,18.584227034714424,28.675218555663008,29.1566262110985,27.391752629310076,27.959179790825157,40.828628996892625,28.101164146075998,34.872944675772175,27.632907050327223,38.06854020697671,26.513184233193716,24.962220389500224,35.19962758623767,31.176893040483343,35.06878943298879,30.376756795502562
16.240928227993166,25.86178773063576,15.662942228076568,20.894368151633678,29.34210678743432,23.63426214394041,20.081006840628813,32.46998812668114,36.03671653933795,34.62327826228868,35.439350261967306,31.69109578805812,31.682397864049804,23.707516086653108,22.307974391383404,16.195689252731178,18.645209053497513,23.56999200937037,32.324056529085105,22.460147079208493,28.764338283550323,30.118005552286327,26.759750344770303,35.908991096528524,40.22289519670236,25.393996196251663,36.767168436525765,29.911158632392592,32.6324181488191,26.085863350069054,26.489036692682554,37.83855673815121,33.28156824752827,35.712022989898635,28.498589396578488
10.915334499559172,25.138831482260194,13.830023406045346,13.941442460906515,18.588696570446267,14.810289823915523,15.965318120637518,27.589786151065955,30.35587562075987,29.067815581707606,35.968862067904304,24.41112965061364,19.39885998924364,17.213737153800796,22.42383665758098,14.91160062584812,15.891566192277068,21.746525352758276,32.128773557458416,20.92335512907566,23.937319277879606,30.194527972476813,23.90094416562788,37.10905094509317,39.4262996602801,30.104328627455146,36.19519959228522,30.801920502276644,31.872769014426346,18.88813800816613,27.345271192123697,37.645389065936676,36.146289294157306,34.14888497512618,24.39052771416434
20.824394043859243,19.165640255077683,20.731064440182628,21.177686104751366,20.824279067943692,13.107138551704915,4.440377082454177,19.867391115384958,20.44730441006554,20.087712112704978,27.65006777741577,16.64048899334371,20.367243366580652,18.469183785608372,24.90375010675647,18.710788582102506,20.35644818858053,19.502610068649453,28.771592059131766,25.767056636627846,25.723734369546452,32.74271430034563,28.792540763684478,35.27565861786846,40.75064917680858,31.34577235620828,38.23318683473157,28.819188704131513,36.90054138449596,22.172823555237187,28.28975449595626,34.81448079978322,35.331801309750155,32.314630937172275,24.553954712850462
24.729526938294473,30.94318821446003,18.485960591368972,22.356418819363295,25.856970232096803,16.711310470455047,13.166134219670024,21.242693185851248,20.16210399381355,27.295018354106833,21.192538039523935,20.86224719367783,26.51727151967741,25.07294768708396,25.39563837511203,29.949547578889366,24.854600307919426,29.314696717303164,25.831685289430244,23.4622189253762,30.615333840791173,42.548115967493764,24.859787198270055,35.1780394427901,39.470730466913174,32.42256486879728,38.27567343852732,29.76544495313557,39.435307268383006,28.91469706637919,24.79483381811726,33.114537145578694,26.486291715304542,28.60499495199275,23.300719587157868
